0.468,3.002,3.629
0.282,3.167,3.610
0.069,3.297,3.578
-0.163,3.387,3.519
-0.408,3.434,3.450
-0.657,3.433,3.421
-0.901,3.382,3.419
-1.129,3.283,3.418
-1.338,3.147,3.564
-1.530,2.988,3.840
-1.712,2.817,4.169
-1.892,2.645,4.071
-2.079,2.480,3.779
-2.281,2.334,3.632
-2.502,2.218,3.631
-2.740,2.144,3.629
-2.987,2.111,3.684
-3.236,2.115,3.820
-3.483,2.146,4.033
-3.727,2.198,4.318
-3.969,2.260,4.612
-4.209,2.326,4.889
-4.451,2.387,4.893
-4.696,2.436,4.772
-4.943,2.465,4.770
-5.193,2.467,4.767
-5.441,2.444,4.795
-5.686,2.399,4.881
-5.927,2.335,5.010
-6.163,2.255,5.175
-6.395,2.163,5.364
-6.623,2.061,5.123
-6.847,1.952,4.779
-7.068,1.837,4.424
-7.284,1.712,4.117
-7.490,1.572,3.848
-7.682,1.412,3.610
-7.853,1.231,3.399
-7.994,1.025,3.226
-8.094,0.797,3.128
-8.142,0.553,3.127
-8.130,0.305,3.126
-8.062,0.065,3.207
-7.949,-0.157,3.352
-7.799,-0.356,3.520
-7.622,-0.531,3.696
-7.422,-0.681,3.876
-7.207,-0.807,4.060
-6.980,-0.909,4.247
-6.744,-0.991,4.440
-6.503,-1.053,4.641
-6.258,-1.099,4.853
-6.010,-1.131,5.079
-5.762,-1.150,5.321
-5.512,-1.161,5.562
-5.263,-1.165,5.793
-5.014,-1.165,6.014
-4.764,-1.163,6.227
-4.515,-1.162,6.433
-4.265,-1.162,6.633
-4.016,-1.161,6.826
-3.766,-1.159,7.014
-3.517,-1.154,7.197
-3.268,-1.147,7.058
-3.019,-1.135,6.840
-2.770,-1.118,6.636
-2.521,-1.094,6.444
-2.274,-1.063,6.263
-2.028,-1.023,6.092
-1.783,-0.974,5.932
-1.541,-0.914,5.780
-1.302,-0.842,5.637
-1.068,-0.758,5.503
-0.838,-0.660,5.379
-0.615,-0.548,5.267
-0.401,-0.421,5.167
-0.196,-0.278,5.084
-0.004,-0.119,5.017
0.174,0.055,4.949
0.336,0.244,4.876
0.481,0.447,4.794
0.607,0.662,4.702
0.713,0.888,4.601
0.797,1.123,4.494
0.857,1.365,4.380
0.892,1.612,4.261
0.900,1.861,4.144
0.879,2.109,4.032
0.826,2.353,3.935
0.741,2.587,3.870
0.622,2.806,3.868
