339,166
338,167
336,167
335,168
322,168
321,169
309,169
308,170
286,170
285,171
266,171
265,172
251,172
250,173
249,173
249,174
248,175
248,185
249,186
249,192
250,193
250,198
251,199
251,205
252,206
252,213
253,214
253,225
252,226
252,227
250,229
250,230
247,233
239,233
235,229
234,229
231,226
231,224
229,222
229,219
228,218
228,215
227,214
227,208
226,207
226,199
225,198
225,187
224,186
224,179
219,179
218,180
215,180
214,181
213,181
212,182
211,182
210,183
207,183
206,184
184,184
183,185
156,185
155,184
150,184
149,183
121,183
120,182
119,183
117,183
116,184
116,185
115,186
115,224
114,225
114,231
115,232
115,240
112,243
94,243
93,244
76,244
75,243
65,243
64,242
63,243
59,243
58,244
51,244
50,245
47,245
46,246
44,246
43,247
41,247
40,248
39,248
38,249
37,249
35,251
34,251
33,252
32,252
31,253
30,253
29,254
29,255
27,257
27,259
26,260
26,262
24,264
24,266
23,267
23,268
22,269
22,270
20,272
20,273
19,274
19,277
18,278
18,281
17,282
17,285
18,286
18,293
19,294
19,296
20,297
20,306
21,307
21,312
22,313
22,322
23,323
23,335
24,336
24,345
25,346
25,354
26,355
26,359
27,360
27,368
28,369
28,370
60,370
61,369
73,369
74,368
132,368
133,367
162,367
163,366
182,366
183,365
203,365
204,364
246,364
247,363
264,363
265,362
289,362
290,361
313,361
314,360
319,360
320,361
329,361
330,360
331,361
382,361
383,360
388,360
389,359
390,359
390,349
389,348
389,331
388,330
388,288
387,287
387,283
386,282
386,256
385,255
385,233
386,232
386,228
385,227
385,224
384,223
384,200
383,199
383,169
382,168
353,168
352,167
349,167
348,166
