#x_m,y_m
10.626855,-1.1200320000000006
10.596855,-1.0900320000000003
10.566854999999999,-1.0900320000000003
10.536855000000001,-1.0900320000000003
10.506855,-1.0900320000000003
10.476854999999999,-1.0900320000000003
10.446855000000001,-1.0900320000000003
10.416855,-1.0900320000000003
10.386854999999999,-1.0600320000000005
10.356855000000001,-1.0600320000000005
10.326855,-1.0600320000000005
10.296854999999999,-1.0600320000000005
10.266855000000001,-1.0600320000000005
10.236855,-1.0600320000000005
10.206855,-1.0600320000000005
10.176855000000002,-1.0600320000000005
10.146855,-1.0600320000000005
10.116855,-1.0600320000000005
10.086855000000002,-1.0600320000000005
10.056855,-1.0600320000000005
10.026855,-1.0600320000000005
9.996855000000002,-1.0600320000000005
9.966855,-1.0600320000000005
9.936855,-1.0600320000000005
9.906854999999998,-1.0600320000000005
9.876855,-1.0600320000000005
9.846855,-1.0600320000000005
9.816854999999999,-1.0300320000000003
9.786855000000001,-1.0300320000000003
9.756855,-1.0000320000000005
9.726854999999999,-1.0000320000000005
9.696855000000001,-1.0000320000000005
9.666855,-1.0000320000000005
9.636854999999999,-1.0000320000000005
9.606855000000001,-0.9700320000000007
9.576855,-0.9700320000000007
9.546854999999999,-0.9700320000000007
9.516855000000001,-0.9700320000000007
9.486855,-0.9700320000000007
9.456855,-0.9700320000000007
9.426855000000002,-0.9700320000000007
9.396855,-0.9700320000000007
9.366855,-0.9700320000000007
9.336855000000002,-0.9400320000000004
9.306855,-0.9400320000000004
9.276855,-0.9400320000000004
9.246855000000002,-0.9400320000000004
9.216855,-0.9400320000000004
9.186855,-0.9400320000000004
9.156854999999998,-0.9400320000000004
9.126855,-0.9400320000000004
9.096855,-0.9700320000000007
9.066854999999999,-0.9700320000000007
9.036855000000001,-0.9700320000000007
9.006855,-0.9700320000000007
8.976854999999999,-0.9700320000000007
8.946855000000001,-0.9700320000000007
8.916855,-0.9700320000000007
8.886854999999999,-0.9700320000000007
8.856855000000001,-0.9700320000000007
8.826855,-0.9700320000000007
8.796854999999999,-0.9700320000000007
8.766855000000001,-0.9700320000000007
8.736855,-0.9700320000000007
8.706855,-0.9700320000000007
8.676855000000002,-0.9700320000000007
8.646855,-0.9700320000000007
8.616855,-0.9700320000000007
8.586855000000002,-0.9700320000000007
8.556855,-0.9700320000000007
8.526855,-0.9700320000000007
8.496855000000002,-0.9700320000000007
8.466855,-0.9700320000000007
8.436855,-0.9700320000000007
8.406855000000002,-0.9700320000000007
8.376855,-0.9700320000000007
8.346855,-0.9700320000000007
8.316854999999999,-0.9400320000000004
8.286855000000001,-0.9400320000000004
8.256855,-0.9400320000000004
8.226854999999999,-0.9400320000000004
8.196855000000001,-0.9400320000000004
8.166855,-0.9400320000000004
8.136854999999999,-0.9400320000000004
8.106855000000001,-0.9400320000000004
8.076855,-0.9400320000000004
8.046854999999999,-0.9400320000000004
8.016855000000001,-0.9400320000000004
7.986855,-0.9100320000000002
7.986855,-0.8800320000000008
7.956854999999999,-0.8500320000000006
7.956854999999999,-0.8200320000000003
7.9268550000000015,-0.7900320000000001
7.9268550000000015,-0.7600320000000007
7.9268550000000015,-0.7300320000000005
7.896855,-0.7000320000000002
7.896855,-0.670032
7.866854999999999,-0.6400320000000006
7.836855000000002,-0.6100320000000004
7.836855000000002,-0.5800320000000001
7.8068550000000005,-0.5500320000000007
7.776854999999999,-0.5200320000000005
7.746855000000002,-0.49003200000000025
7.716855000000001,-0.460032
7.6868549999999995,-0.43003200000000064
7.656855000000002,-0.43003200000000064
7.626855000000001,-0.4000320000000004
7.596855,-0.4000320000000004
7.5668549999999986,-0.37003200000000014
7.536855000000001,-0.37003200000000014
7.506855,-0.3400320000000008
7.476854999999999,-0.31003200000000053
7.446855000000001,-0.2800320000000003
7.416855,-0.25003200000000003
7.386854999999999,-0.22003200000000067
7.356855000000001,-0.19003200000000042
7.326855,-0.16003200000000017
7.296854999999999,-0.16003200000000017
7.266855000000001,-0.1300320000000008
7.236855,-0.10003200000000056
7.206854999999999,-0.07003200000000032
7.1768550000000015,-0.04003200000000007
7.146855,-0.010032000000000707
7.116855000000001,0.01996799999999954
7.086855,0.04996799999999979
7.0568550000000005,0.07996799999999915
7.026854999999999,0.07996799999999915
6.996855,0.1099679999999994
6.966855000000001,0.13996799999999965
6.9368549999999995,0.1699679999999999
6.906855,0.19996799999999926
6.876855000000001,0.19996799999999926
6.846855,0.19996799999999926
6.816855,0.19996799999999926
6.786855000000001,0.19996799999999926
6.756855,0.19996799999999926
6.756855,0.2299679999999995
6.7268550000000005,0.25996799999999975
6.696855000000001,0.25996799999999975
6.666855,0.25996799999999975
6.636855000000001,0.2899679999999991
6.6068549999999995,0.31996799999999936
6.576855,0.31996799999999936
6.546855000000001,0.3499679999999996
6.516855,0.3499679999999996
6.486855,0.37996799999999986
6.456855000000001,0.4099679999999992
6.426855,0.4099679999999992
6.396855,0.43996799999999947
6.366855000000001,0.43996799999999947
6.336855,0.43996799999999947
6.3068550000000005,0.4699679999999997
6.276854999999999,0.49996799999999997
6.246855,0.49996799999999997
6.216855000000001,0.5299679999999993
6.1868549999999995,0.5599679999999996
6.156855,0.5599679999999996
6.126855000000001,0.5899679999999998
6.096855,0.5899679999999998
6.066855,0.6199679999999992
6.036855000000001,0.6499679999999994
6.006855,0.6499679999999994
5.9768550000000005,0.6799679999999997
5.946855000000001,0.7099679999999999
5.916855,0.7099679999999999
5.886855000000001,0.7099679999999999
5.8568549999999995,0.7099679999999999
5.826855,0.7099679999999999
5.796855000000001,0.7399679999999993
5.766855,0.7399679999999993
5.736855,0.7399679999999993
5.706855000000001,0.7699679999999995
5.676855,0.7699679999999995
5.646855,0.7699679999999995
5.616855000000001,0.7999679999999998
5.586855,0.7999679999999998
5.5568550000000005,0.7999679999999998
5.526854999999999,0.8299679999999992
5.496855,0.8599679999999994
5.466855000000001,0.8899679999999996
5.4368549999999995,0.8899679999999996
5.406855,0.9199679999999999
5.406855,0.9499679999999993
5.376855000000001,0.9799679999999995
5.346855,1.0099679999999998
5.316855,1.0099679999999998
5.286855000000001,1.0099679999999998
5.256855,1.0099679999999998
5.2268550000000005,1.0099679999999998
5.196855000000001,1.0099679999999998
5.166855,1.0099679999999998
5.136855000000001,1.0099679999999998
5.1068549999999995,1.0099679999999998
5.076855,1.0099679999999998
5.046855000000001,1.0099679999999998
5.016855,1.0099679999999998
4.986855,1.0099679999999998
4.956855000000001,1.0099679999999998
4.926855,1.0099679999999998
4.896855,1.0099679999999998
4.866855000000001,1.0099679999999998
4.836855,1.0099679999999998
4.8068550000000005,1.0099679999999998
4.776855000000001,1.0099679999999998
4.746855,1.0099679999999998
4.716855000000001,1.0099679999999998
4.6868549999999995,1.0099679999999998
4.656855,1.0099679999999998
4.626855000000001,1.0099679999999998
4.596855,1.0099679999999998
4.566855,1.0399679999999991
4.536855000000001,1.0399679999999991
4.506855,1.0399679999999991
4.4768550000000005,1.0399679999999991
4.446855000000001,1.0399679999999991
4.416855,1.0399679999999991
4.386855000000001,1.0399679999999991
4.3568549999999995,1.0399679999999991
4.326855,1.0399679999999991
4.296855000000001,1.0399679999999991
4.266855,1.0399679999999991
4.236855,1.0399679999999991
4.206855000000001,1.0399679999999991
4.176855,1.0399679999999991
4.146855,1.0399679999999991
4.116855000000001,1.0399679999999991
4.086855,1.0399679999999991
4.0568550000000005,1.0399679999999991
4.026855000000001,1.0399679999999991
3.996855,1.0399679999999991
3.9668550000000007,1.0399679999999991
3.9368549999999995,1.0399679999999991
3.906855,1.0399679999999991
3.876855000000001,1.0399679999999991
3.8468549999999997,1.0399679999999991
3.8168550000000003,1.0399679999999991
3.786855000000001,1.0099679999999998
3.786855000000001,0.9799679999999995
3.786855000000001,0.9499679999999993
3.756855,0.9199679999999999
3.7268550000000005,0.8899679999999996
3.696855000000001,0.8599679999999994
3.666855,0.8599679999999994
3.6368550000000006,0.8299679999999992
3.6068550000000013,0.8299679999999992
3.576855,0.7999679999999998
3.5468550000000008,0.7999679999999998
3.5168549999999996,0.7699679999999995
3.4868550000000003,0.7699679999999995
3.456855000000001,0.7399679999999993
3.4268549999999998,0.7399679999999993
3.3968550000000004,0.7099679999999999
3.366855000000001,0.7099679999999999
3.336855,0.6799679999999997
3.3068550000000005,0.6499679999999994
3.276855000000001,0.6199679999999992
3.246855,0.6199679999999992
3.2168550000000007,0.5899679999999998
3.1868549999999995,0.5599679999999996
3.156855,0.5599679999999996
3.126855000000001,0.5299679999999993
3.0968549999999997,0.49996799999999997
3.0668550000000003,0.4699679999999997
3.036855000000001,0.43996799999999947
3.006855,0.4099679999999992
2.9768550000000005,0.4099679999999992
2.946855000000001,0.37996799999999986
2.916855,0.3499679999999996
2.8868550000000006,0.31996799999999936
2.8568550000000013,0.2899679999999991
2.826855,0.2899679999999991
2.7968550000000008,0.25996799999999975
2.7668549999999996,0.2299679999999995
2.7368550000000003,0.19996799999999926
2.7368550000000003,0.1699679999999999
2.706855000000001,0.13996799999999965
2.6768549999999998,0.13996799999999965
2.6468550000000004,0.1099679999999994
2.6468550000000004,0.07996799999999915
2.616855000000001,0.04996799999999979
2.586855,0.01996799999999954
2.5568550000000005,-0.010032000000000707
2.526855000000001,-0.010032000000000707
2.496855,-0.04003200000000007
2.4668550000000007,-0.07003200000000032
2.4368549999999995,-0.10003200000000056
2.406855,-0.1300320000000008
2.376855000000001,-0.16003200000000017
2.3468549999999997,-0.19003200000000042
2.3168550000000003,-0.22003200000000067
2.286855000000001,-0.25003200000000003
2.286855000000001,-0.2800320000000003
2.256855,-0.31003200000000053
2.256855,-0.3400320000000008
2.256855,-0.37003200000000014
2.2268550000000005,-0.4000320000000004
2.196855000000001,-0.4000320000000004
2.166855,-0.4000320000000004
2.1368550000000006,-0.4000320000000004
2.1068550000000013,-0.4000320000000004
2.076855,-0.4000320000000004
2.0468550000000008,-0.4000320000000004
2.0168549999999996,-0.4000320000000004
1.9868550000000003,-0.4000320000000004
1.956855000000001,-0.4000320000000004
1.9268549999999998,-0.37003200000000014
1.8968550000000004,-0.37003200000000014
1.866855000000001,-0.37003200000000014
1.836855,-0.37003200000000014
1.8068550000000005,-0.37003200000000014
1.7768550000000012,-0.37003200000000014
1.746855,-0.37003200000000014
1.7168550000000007,-0.37003200000000014
1.6868549999999995,-0.37003200000000014
1.6568550000000002,-0.3400320000000008
1.6268550000000008,-0.3400320000000008
1.5968549999999997,-0.3400320000000008
1.5668550000000003,-0.3400320000000008
1.536855000000001,-0.3400320000000008
1.5068549999999998,-0.3400320000000008
1.4768550000000005,-0.3400320000000008
1.4468550000000011,-0.3400320000000008
1.416855,-0.3400320000000008
1.3868550000000006,-0.3400320000000008
1.3568550000000013,-0.3400320000000008
1.3268550000000001,-0.31003200000000053
1.2968550000000008,-0.31003200000000053
1.2668549999999996,-0.31003200000000053
1.2368550000000003,-0.31003200000000053
1.206855000000001,-0.31003200000000053
1.1768549999999998,-0.31003200000000053
1.1468550000000004,-0.31003200000000053
1.116855000000001,-0.2800320000000003
1.086855,-0.2800320000000003
1.0568550000000005,-0.2800320000000003
1.0268550000000012,-0.2800320000000003
0.996855,-0.2800320000000003
0.9668550000000007,-0.2800320000000003
0.9368550000000013,-0.2800320000000003
0.9068550000000002,-0.25003200000000003
0.8768550000000008,-0.25003200000000003
0.8468549999999997,-0.25003200000000003
0.8168550000000003,-0.25003200000000003
0.786855000000001,-0.25003200000000003
0.7568549999999998,-0.25003200000000003
0.7268550000000005,-0.22003200000000067
0.6968550000000011,-0.22003200000000067
0.666855,-0.22003200000000067
0.6368550000000006,-0.22003200000000067
0.6068550000000013,-0.22003200000000067
0.5768550000000001,-0.22003200000000067
0.5468550000000008,-0.22003200000000067
0.5168549999999996,-0.22003200000000067
0.48685500000000026,-0.22003200000000067
0.4568550000000009,-0.22003200000000067
0.42685499999999976,-0.22003200000000067
0.3968550000000004,-0.22003200000000067
0.36685500000000104,-0.22003200000000067
0.3368549999999999,-0.19003200000000042
0.30685500000000054,-0.19003200000000042
0.2768550000000012,-0.19003200000000042
0.24685500000000005,-0.19003200000000042
0.21685500000000069,-0.19003200000000042
0.18685500000000133,-0.19003200000000042
0.1568550000000002,-0.19003200000000042
0.12685500000000083,-0.19003200000000042
0.09685499999999969,-0.19003200000000042
0.06685500000000033,-0.19003200000000042
0.03685500000000097,-0.19003200000000042
0.0068549999999998334,-0.19003200000000042
-0.023144999999999527,-0.19003200000000042
-0.05314499999999889,-0.19003200000000042
-0.08314500000000002,-0.19003200000000042
-0.11314499999999938,-0.19003200000000042
-0.14314499999999875,-0.19003200000000042
-0.17314499999999988,-0.19003200000000042
-0.20314499999999924,-0.19003200000000042
-0.2331449999999986,-0.19003200000000042
-0.26314499999999974,-0.19003200000000042
-0.2931449999999991,-0.19003200000000042
-0.32314500000000024,-0.19003200000000042
-0.3531449999999996,-0.19003200000000042
-0.38314499999999896,-0.19003200000000042
-0.4131450000000001,-0.19003200000000042
-0.44314499999999946,-0.19003200000000042
-0.4731449999999988,-0.19003200000000042
-0.503145,-0.19003200000000042
-0.5331449999999993,-0.19003200000000042
-0.5631449999999987,-0.19003200000000042
-0.5931449999999998,-0.19003200000000042
-0.6231449999999992,-0.19003200000000042
-0.6531450000000003,-0.19003200000000042
-0.6831449999999997,-0.19003200000000042
-0.713144999999999,-0.19003200000000042
-0.7431450000000002,-0.19003200000000042
-0.7731449999999995,-0.19003200000000042
-0.8031449999999989,-0.19003200000000042
-0.833145,-0.19003200000000042
-0.8631449999999994,-0.19003200000000042
-0.8931449999999996,-0.19003200000000042
-0.9231449999999999,-0.19003200000000042
-0.9531449999999992,-0.19003200000000042
-0.9531449999999992,-0.16003200000000017
-0.9531449999999992,-0.1300320000000008
-0.9531449999999992,-0.10003200000000056
-0.9531449999999992,-0.07003200000000032
-0.9531449999999992,-0.04003200000000007
-0.9531449999999992,-0.010032000000000707
-0.9531449999999992,0.01996799999999954
-0.9531449999999992,0.04996799999999979
-0.9531449999999992,0.07996799999999915
-0.9531449999999992,0.1099679999999994
-0.9231449999999999,0.13996799999999965
-0.9231449999999999,0.1699679999999999
-0.9231449999999999,0.19996799999999926
-0.8931449999999996,0.2299679999999995
-0.8931449999999996,0.25996799999999975
-0.8931449999999996,0.2899679999999991
-0.8931449999999996,0.31996799999999936
-0.8931449999999996,0.3499679999999996
-0.8931449999999996,0.37996799999999986
-0.8931449999999996,0.4099679999999992
-0.8931449999999996,0.43996799999999947
-0.8631449999999994,0.4699679999999997
-0.8631449999999994,0.49996799999999997
-0.8631449999999994,0.5299679999999993
-0.833145,0.5599679999999996
-0.833145,0.5899679999999998
-0.833145,0.6199679999999992
-0.833145,0.6499679999999994
-0.8031449999999989,0.6799679999999997
-0.8031449999999989,0.7099679999999999
-0.8031449999999989,0.7399679999999993
-0.8031449999999989,0.7699679999999995
-0.8031449999999989,0.7999679999999998
-0.8031449999999989,0.8299679999999992
-0.8031449999999989,0.8599679999999994
-0.8031449999999989,0.8899679999999996
-0.8031449999999989,0.9199679999999999
-0.8031449999999989,0.9499679999999993
-0.8031449999999989,0.9799679999999995
-0.8031449999999989,1.0099679999999998
-0.8031449999999989,1.0399679999999991
-0.8031449999999989,1.0699679999999994
-0.8031449999999989,1.0999679999999996
-0.8031449999999989,1.1299679999999999
-0.8031449999999989,1.1599679999999992
-0.8031449999999989,1.1899679999999995
-0.8031449999999989,1.2199679999999997
-0.833145,1.249968
-0.8631449999999994,1.2799679999999993
-0.8931449999999996,1.2799679999999993
-0.9231449999999999,1.2799679999999993
-0.9531449999999992,1.2799679999999993
-0.9831449999999995,1.2799679999999993
-1.0131449999999997,1.2799679999999993
-1.043144999999999,1.2799679999999993
-1.0731449999999993,1.2799679999999993
-1.1031449999999996,1.2799679999999993
-1.1331449999999998,1.2799679999999993
-1.1631449999999992,1.2799679999999993
-1.1931449999999995,1.2799679999999993
-1.2231449999999997,1.2799679999999993
-1.253144999999999,1.2799679999999993
-1.2831449999999993,1.2799679999999993
-1.3131449999999996,1.2799679999999993
-1.3431449999999998,1.2799679999999993
-1.3731449999999992,1.2799679999999993
-1.4031449999999994,1.2799679999999993
-1.4331449999999997,1.2799679999999993
-1.463144999999999,1.2799679999999993
-1.4931449999999993,1.2799679999999993
-1.5231449999999995,1.2799679999999993
-1.5531449999999998,1.2799679999999993
-1.5831449999999991,1.2799679999999993
-1.6131449999999994,1.2799679999999993
-1.6431449999999996,1.3099679999999996
-1.6731449999999999,1.3099679999999996
-1.7031449999999992,1.3099679999999996
-1.7331449999999995,1.3099679999999996
-1.7631449999999997,1.3099679999999996
-1.793144999999999,1.3099679999999996
-1.8231449999999993,1.3099679999999996
-1.8531449999999996,1.3099679999999996
-1.8831449999999998,1.3099679999999996
-1.9131449999999992,1.3099679999999996
-1.9431449999999995,1.3099679999999996
-1.9731449999999997,1.3099679999999996
-2.003144999999999,1.3099679999999996
-2.0331449999999993,1.3099679999999996
-2.0631449999999996,1.3099679999999996
-2.093145,1.3099679999999996
-2.123144999999999,1.3099679999999996
-2.1531449999999994,1.3099679999999996
-2.1831449999999997,1.3099679999999996
-2.213144999999999,1.3099679999999996
-2.2431449999999993,1.3099679999999996
-2.2731449999999995,1.3099679999999996
-2.3031449999999998,1.3099679999999996
-2.333144999999999,1.3099679999999996
-2.3631449999999994,1.3099679999999996
-2.3931449999999996,1.3099679999999996
-2.423144999999999,1.3099679999999996
-2.4531449999999992,1.3099679999999996
-2.4831449999999995,1.3099679999999996
-2.5131449999999997,1.3099679999999996
-2.543144999999999,1.3099679999999996
-2.5731449999999993,1.3099679999999996
-2.6031449999999996,1.3099679999999996
-2.633144999999999,1.3099679999999996
-2.663144999999999,1.3099679999999996
-2.6931449999999995,1.3099679999999996
-2.7231449999999997,1.2799679999999993
-2.753144999999999,1.249968
-2.7831449999999993,1.2199679999999997
-2.8131449999999996,1.2199679999999997
-2.843145,1.1899679999999995
-2.873144999999999,1.1899679999999995
-2.9031449999999994,1.1899679999999995
-2.9331449999999997,1.1599679999999992
-2.963144999999999,1.1599679999999992
-2.9931449999999993,1.1299679999999999
-3.0231449999999995,1.1299679999999999
-3.0531449999999998,1.1299679999999999
-3.083144999999999,1.0999679999999996
-3.1131449999999994,1.0999679999999996
-3.1431449999999996,1.0699679999999994
-3.173144999999999,1.0699679999999994
-3.2031449999999992,1.0399679999999991
-3.2331449999999995,1.0399679999999991
-3.2631449999999997,1.0399679999999991
-3.293144999999999,1.0099679999999998
-3.3231449999999993,1.0099679999999998
-3.3531449999999996,0.9799679999999995
-3.383144999999999,0.9799679999999995
-3.413144999999999,0.9499679999999993
-3.4431449999999995,0.9499679999999993
-3.4731449999999997,0.9199679999999999
-3.503144999999999,0.9199679999999999
-3.5331449999999993,0.8899679999999996
-3.5631449999999996,0.8899679999999996
-3.593145,0.8599679999999994
-3.623144999999999,0.8599679999999994
-3.6531449999999994,0.8299679999999992
-3.6831449999999997,0.8299679999999992
-3.713144999999999,0.7999679999999998
-3.7431449999999993,0.7999679999999998
-3.7731449999999995,0.7699679999999995
-3.8031449999999998,0.7699679999999995
-3.833144999999999,0.7399679999999993
-3.8631449999999994,0.7399679999999993
-3.8931449999999996,0.7099679999999999
-3.923144999999999,0.7099679999999999
-3.9531449999999992,0.6799679999999997
-3.9831449999999995,0.6799679999999997
-4.013145,0.6499679999999994
-4.043144999999999,0.6199679999999992
-4.073144999999999,0.6199679999999992
-4.103145,0.5899679999999998
-4.133144999999999,0.5899679999999998
-4.163144999999999,0.5599679999999996
-4.1931449999999995,0.5599679999999996
-4.223145,0.5299679999999993
-4.253144999999999,0.5299679999999993
-4.283144999999999,0.5299679999999993
-4.313145,0.49996799999999997
-4.343144999999999,0.49996799999999997
-4.373144999999999,0.49996799999999997
-4.403144999999999,0.4699679999999997
-4.433145,0.43996799999999947
-4.463144999999999,0.43996799999999947
-4.493144999999999,0.4099679999999992
-4.5231449999999995,0.4099679999999992
-4.553144999999999,0.37996799999999986
-4.583144999999999,0.37996799999999986
-4.613144999999999,0.3499679999999996
-4.643145,0.3499679999999996
-4.673144999999999,0.31996799999999936
-4.703144999999999,0.31996799999999936
-4.7331449999999995,0.2899679999999991
-4.763145,0.2899679999999991
-4.793144999999999,0.2899679999999991
-4.823144999999999,0.25996799999999975
-4.853145,0.25996799999999975
-4.883144999999999,0.2299679999999995
-4.913144999999999,0.19996799999999926
-4.9431449999999995,0.1699679999999999
-4.973144999999999,0.13996799999999965
-5.003145,0.1099679999999994
-5.003145,0.07996799999999915
-5.033144999999999,0.04996799999999979
-5.033144999999999,0.01996799999999954
-5.033144999999999,-0.010032000000000707
-5.033144999999999,-0.04003200000000007
-5.033144999999999,-0.07003200000000032
-5.063144999999999,-0.07003200000000032
-5.093145,-0.07003200000000032
-5.123144999999999,-0.07003200000000032
-5.153144999999999,-0.07003200000000032
-5.183145,-0.07003200000000032
-5.213144999999999,-0.07003200000000032
-5.243144999999999,-0.07003200000000032
-5.2731449999999995,-0.07003200000000032
-5.303144999999999,-0.07003200000000032
-5.333144999999999,-0.07003200000000032
-5.363144999999999,-0.07003200000000032
-5.393144999999999,-0.07003200000000032
-5.423145,-0.07003200000000032
-5.453144999999999,-0.07003200000000032
-5.4831449999999995,-0.07003200000000032
-5.513145,-0.07003200000000032
-5.543144999999999,-0.07003200000000032
-5.573144999999999,-0.07003200000000032
-5.603145,-0.07003200000000032
-5.633144999999999,-0.07003200000000032
-5.663144999999999,-0.07003200000000032
-5.6931449999999995,-0.07003200000000032
-5.723144999999999,-0.07003200000000032
-5.753144999999999,-0.07003200000000032
-5.783144999999999,-0.07003200000000032
-5.813144999999999,-0.07003200000000032
-5.843145,-0.07003200000000032
-5.873144999999999,-0.07003200000000032
-5.903144999999999,-0.07003200000000032
-5.933145,-0.07003200000000032
-5.963144999999999,-0.07003200000000032
-5.993144999999999,-0.07003200000000032
-6.0231449999999995,-0.07003200000000032
-6.053144999999999,-0.07003200000000032
-6.083144999999999,-0.07003200000000032
-6.113144999999999,-0.07003200000000032
-6.143144999999999,-0.07003200000000032
-6.173145,-0.07003200000000032
-6.203144999999999,-0.07003200000000032
-6.2331449999999995,-0.07003200000000032
-6.263145,-0.07003200000000032
-6.293144999999999,-0.07003200000000032
-6.323144999999999,-0.07003200000000032
-6.353145,-0.07003200000000032
-6.383144999999999,-0.07003200000000032
-6.413144999999999,-0.07003200000000032
-6.4431449999999995,-0.07003200000000032
-6.473144999999999,-0.07003200000000032
-6.503144999999999,-0.07003200000000032
-6.533144999999999,-0.07003200000000032
-6.563144999999999,-0.07003200000000032
-6.593145,-0.07003200000000032
-6.623144999999999,-0.07003200000000032
-6.653144999999999,-0.07003200000000032
-6.683145,-0.07003200000000032
-6.713144999999999,-0.07003200000000032
-6.743144999999999,-0.07003200000000032
-6.7731449999999995,-0.07003200000000032
-6.803144999999999,-0.07003200000000032
-6.833144999999999,-0.07003200000000032
-6.863144999999999,-0.07003200000000032
-6.893144999999999,-0.07003200000000032
-6.923144999999999,-0.04003200000000007
-6.953144999999999,-0.04003200000000007
-6.9831449999999995,-0.04003200000000007
-7.013145,-0.010032000000000707
-7.043144999999999,-0.010032000000000707
-7.073144999999999,-0.010032000000000707
-7.103145,0.01996799999999954
-7.133144999999999,0.01996799999999954
-7.163144999999999,0.01996799999999954
-7.1931449999999995,0.01996799999999954
-7.223144999999999,0.01996799999999954
-7.253144999999999,0.01996799999999954
-7.283144999999999,0.01996799999999954
-7.313144999999999,0.01996799999999954
-7.343144999999999,0.01996799999999954
-7.373144999999999,0.01996799999999954
-7.403144999999999,0.01996799999999954
-7.433145,0.01996799999999954
-7.463144999999999,0.01996799999999954
-7.493144999999999,0.04996799999999979
-7.5231449999999995,0.04996799999999979
-7.553144999999999,0.07996799999999915
-7.583144999999999,0.04996799999999979
-7.613144999999999,0.04996799999999979
-7.643144999999999,0.04996799999999979
-7.673144999999999,0.04996799999999979
-7.703144999999999,0.04996799999999979
-7.7331449999999995,0.04996799999999979
-7.763145,0.04996799999999979
-7.793144999999999,0.04996799999999979
-7.823144999999999,0.04996799999999979
-7.823144999999999,0.07996799999999915
-7.823144999999999,0.1099679999999994
-7.823144999999999,0.13996799999999965
-7.823144999999999,0.1699679999999999
-7.823144999999999,0.19996799999999926
-7.823144999999999,0.2299679999999995
-7.823144999999999,0.25996799999999975
-7.823144999999999,0.2899679999999991
-7.823144999999999,0.31996799999999936
-7.823144999999999,0.3499679999999996
-7.823144999999999,0.37996799999999986
-7.823144999999999,0.4099679999999992
-7.823144999999999,0.43996799999999947
-7.823144999999999,0.4699679999999997
-7.823144999999999,0.49996799999999997
-7.823144999999999,0.5299679999999993
-7.793144999999999,0.5599679999999996
-7.793144999999999,0.5899679999999998
-7.793144999999999,0.6199679999999992
-7.763145,0.6499679999999994
-7.763145,0.6799679999999997
-7.763145,0.7099679999999999
-7.763145,0.7399679999999993
-7.763145,0.7699679999999995
-7.763145,0.7999679999999998
-7.763145,0.8299679999999992
-7.763145,0.8599679999999994
-7.763145,0.8899679999999996
-7.763145,0.9199679999999999
-7.763145,0.9499679999999993
-7.763145,0.9799679999999995
-7.763145,1.0099679999999998
-7.763145,1.0399679999999991
-7.763145,1.0699679999999994
-7.763145,1.0999679999999996
-7.763145,1.1299679999999999
-7.763145,1.1599679999999992
-7.763145,1.1899679999999995
-7.763145,1.2199679999999997
-7.763145,1.249968
-7.7331449999999995,1.2799679999999993
-7.7331449999999995,1.3099679999999996
-7.7331449999999995,1.3399679999999998
-7.7331449999999995,1.3699679999999992
-7.7331449999999995,1.3999679999999994
-7.7331449999999995,1.4299679999999997
-7.7331449999999995,1.459968
-7.7331449999999995,1.4899679999999993
-7.7331449999999995,1.5199679999999995
-7.703144999999999,1.5499679999999998
-7.703144999999999,1.5799679999999992
-7.703144999999999,1.6099679999999994
-7.703144999999999,1.6399679999999996
-7.703144999999999,1.669968
-7.703144999999999,1.6999679999999993
-7.703144999999999,1.7299679999999995
-7.703144999999999,1.7599679999999998
-7.703144999999999,1.7899679999999991
-7.703144999999999,1.8199679999999994
-7.703144999999999,1.8499679999999996
-7.703144999999999,1.8799679999999999
-7.703144999999999,1.9099679999999992
-7.703144999999999,1.9399679999999995
-7.703144999999999,1.9699679999999997
-7.703144999999999,1.999967999999999
-7.703144999999999,2.0299679999999993
-7.703144999999999,2.0599679999999996
-7.703144999999999,2.089968
-7.703144999999999,2.119967999999999
-7.703144999999999,2.1499679999999994
-7.703144999999999,2.1799679999999997
-7.703144999999999,2.209967999999999
-7.703144999999999,2.2399679999999993
-7.703144999999999,2.2699679999999995
-7.703144999999999,2.299968
-7.703144999999999,2.329967999999999
-7.703144999999999,2.3599679999999994
-7.703144999999999,2.3899679999999996
-7.703144999999999,2.419968
-7.703144999999999,2.4499679999999993
-7.703144999999999,2.4799679999999995
-7.703144999999999,2.5099679999999998
-7.703144999999999,2.539967999999999
-7.703144999999999,2.5699679999999994
-7.703144999999999,2.5999679999999996
-7.703144999999999,2.629968
-7.703144999999999,2.659967999999999
-7.703144999999999,2.6899679999999995
-7.703144999999999,2.7199679999999997
-7.703144999999999,2.749967999999999
-7.703144999999999,2.7799679999999993
-7.703144999999999,2.8099679999999996
-7.703144999999999,2.839968
-7.703144999999999,2.869967999999999
-7.703144999999999,2.8999679999999994
-7.703144999999999,2.9299679999999997
-7.703144999999999,2.959967999999999
-7.703144999999999,2.9899679999999993
-7.703144999999999,3.0199679999999995
-7.703144999999999,3.049967999999999
-7.673144999999999,3.079968
-7.673144999999999,3.1099679999999994
-7.673144999999999,3.1399679999999988
-7.673144999999999,3.169968
-7.673144999999999,3.1999679999999993
-7.673144999999999,3.2299679999999986
-7.673144999999999,3.2599679999999998
-7.673144999999999,3.289967999999999
-7.673144999999999,3.3199680000000003
-7.673144999999999,3.3499679999999996
-7.673144999999999,3.379967999999999
-7.673144999999999,3.409968
-7.673144999999999,3.4399679999999995
-7.673144999999999,3.469967999999999
-7.673144999999999,3.499968
-7.673144999999999,3.5299679999999993
-7.673144999999999,3.5599679999999987
-7.673144999999999,3.589968
-7.673144999999999,3.619967999999999
-7.673144999999999,3.6499680000000003
-7.643144999999999,3.6799679999999997
-7.643144999999999,3.709967999999999
-7.643144999999999,3.739968
-7.643144999999999,3.7699679999999995
-7.643144999999999,3.799967999999999
-7.643144999999999,3.829968
-7.643144999999999,3.8599679999999994
-7.643144999999999,3.8899679999999988
-7.643144999999999,3.919968
-7.643144999999999,3.9499679999999993
-7.643144999999999,3.9799679999999986
-7.643144999999999,4.009968
-7.643144999999999,4.039967999999999
-7.643144999999999,4.069968
-7.643144999999999,4.099968
-7.643144999999999,4.129967999999999
-7.643144999999999,4.159968
-7.643144999999999,4.1899679999999995
-7.643144999999999,4.219967999999999
-7.643144999999999,4.249968
-7.613144999999999,4.279967999999999
-7.613144999999999,4.309967999999999
-7.613144999999999,4.339968
-7.613144999999999,4.369967999999999
-7.613144999999999,4.3999679999999985
-7.613144999999999,4.429968
-7.613144999999999,4.459967999999999
-7.613144999999999,4.489968
-7.613144999999999,4.5199679999999995
-7.613144999999999,4.549967999999999
-7.613144999999999,4.579968
-7.613144999999999,4.609967999999999
-7.613144999999999,4.639967999999999
-7.613144999999999,4.669968
-7.613144999999999,4.699967999999999
-7.613144999999999,4.729967999999999
-7.613144999999999,4.759968
-7.613144999999999,4.789967999999999
-7.613144999999999,4.819968
-7.613144999999999,4.849968
-7.613144999999999,4.879967999999999
-7.613144999999999,4.909968
-7.613144999999999,4.9399679999999995
-7.583144999999999,4.969967999999999
-7.583144999999999,4.999968
-7.583144999999999,5.029967999999999
-7.583144999999999,5.059967999999999
-7.583144999999999,5.089968
-7.583144999999999,5.119967999999999
-7.583144999999999,5.1499679999999985
-7.583144999999999,5.179968
-7.583144999999999,5.209967999999999
-7.583144999999999,5.239968
-7.583144999999999,5.2699679999999995
-7.553144999999999,5.299967999999999
-7.553144999999999,5.329968
-7.553144999999999,5.359967999999999
-7.553144999999999,5.389967999999999
-7.553144999999999,5.419968
-7.553144999999999,5.449967999999999
-7.553144999999999,5.479967999999999
-7.553144999999999,5.509968
-7.5231449999999995,5.509968
-7.493144999999999,5.509968
-7.463144999999999,5.509968
-7.433145,5.509968
-7.403144999999999,5.509968
-7.373144999999999,5.509968
-7.343144999999999,5.509968
-7.313144999999999,5.509968
-7.283144999999999,5.509968
-7.253144999999999,5.509968
-7.223144999999999,5.479967999999999
-7.1931449999999995,5.479967999999999
-7.163144999999999,5.479967999999999
-7.133144999999999,5.479967999999999
-7.103145,5.479967999999999
-7.073144999999999,5.479967999999999
-7.043144999999999,5.479967999999999
-7.013145,5.479967999999999
-6.9831449999999995,5.479967999999999
-6.953144999999999,5.479967999999999
-6.923144999999999,5.479967999999999
-6.893144999999999,5.479967999999999
-6.863144999999999,5.479967999999999
-6.833144999999999,5.479967999999999
-6.803144999999999,5.479967999999999
-6.7731449999999995,5.479967999999999
-6.743144999999999,5.479967999999999
-6.713144999999999,5.479967999999999
-6.683145,5.479967999999999
-6.653144999999999,5.479967999999999
-6.623144999999999,5.479967999999999
-6.593145,5.449967999999999
-6.563144999999999,5.449967999999999
-6.533144999999999,5.449967999999999
-6.503144999999999,5.449967999999999
-6.473144999999999,5.449967999999999
-6.4431449999999995,5.449967999999999
-6.413144999999999,5.449967999999999
-6.383144999999999,5.449967999999999
-6.353145,5.449967999999999
-6.323144999999999,5.449967999999999
-6.293144999999999,5.449967999999999
-6.263145,5.449967999999999
-6.2331449999999995,5.449967999999999
-6.203144999999999,5.449967999999999
-6.173145,5.449967999999999
-6.143144999999999,5.449967999999999
-6.113144999999999,5.449967999999999
-6.083144999999999,5.449967999999999
-6.053144999999999,5.449967999999999
-6.0231449999999995,5.449967999999999
-5.993144999999999,5.449967999999999
-5.963144999999999,5.419968
-5.933145,5.419968
-5.903144999999999,5.419968
-5.873144999999999,5.419968
-5.843145,5.419968
-5.813144999999999,5.419968
-5.783144999999999,5.419968
-5.753144999999999,5.419968
-5.723144999999999,5.419968
-5.6931449999999995,5.419968
-5.663144999999999,5.419968
-5.633144999999999,5.419968
-5.603145,5.419968
-5.573144999999999,5.419968
-5.543144999999999,5.419968
-5.513145,5.419968
-5.4831449999999995,5.419968
-5.453144999999999,5.419968
-5.423145,5.419968
-5.393144999999999,5.419968
-5.363144999999999,5.419968
-5.333144999999999,5.389967999999999
-5.303144999999999,5.389967999999999
-5.2731449999999995,5.389967999999999
-5.243144999999999,5.389967999999999
-5.213144999999999,5.389967999999999
-5.183145,5.389967999999999
-5.153144999999999,5.389967999999999
-5.123144999999999,5.389967999999999
-5.093145,5.389967999999999
-5.063144999999999,5.389967999999999
-5.033144999999999,5.389967999999999
-5.003145,5.389967999999999
-4.973144999999999,5.389967999999999
-4.9431449999999995,5.389967999999999
-4.913144999999999,5.389967999999999
-4.883144999999999,5.389967999999999
-4.853145,5.389967999999999
-4.823144999999999,5.389967999999999
-4.793144999999999,5.389967999999999
-4.763145,5.389967999999999
-4.7331449999999995,5.389967999999999
-4.703144999999999,5.359967999999999
-4.673144999999999,5.359967999999999
-4.643145,5.359967999999999
-4.613144999999999,5.359967999999999
-4.583144999999999,5.359967999999999
-4.553144999999999,5.359967999999999
-4.5231449999999995,5.359967999999999
-4.493144999999999,5.359967999999999
-4.463144999999999,5.359967999999999
-4.433145,5.359967999999999
-4.403144999999999,5.359967999999999
-4.373144999999999,5.359967999999999
-4.343144999999999,5.359967999999999
-4.313145,5.359967999999999
-4.283144999999999,5.359967999999999
-4.253144999999999,5.359967999999999
-4.223145,5.359967999999999
-4.1931449999999995,5.359967999999999
-4.163144999999999,5.359967999999999
-4.133144999999999,5.359967999999999
-4.103145,5.359967999999999
-4.073144999999999,5.329968
-4.043144999999999,5.329968
-4.013145,5.329968
-3.9831449999999995,5.329968
-3.9531449999999992,5.329968
-3.923144999999999,5.329968
-3.8931449999999996,5.329968
-3.8631449999999994,5.329968
-3.833144999999999,5.329968
-3.8031449999999998,5.329968
-3.7731449999999995,5.329968
-3.7431449999999993,5.329968
-3.713144999999999,5.329968
-3.6831449999999997,5.329968
-3.6531449999999994,5.329968
-3.623144999999999,5.329968
-3.593145,5.329968
-3.5631449999999996,5.329968
-3.5331449999999993,5.329968
-3.503144999999999,5.329968
-3.4731449999999997,5.329968
-3.4431449999999995,5.299967999999999
-3.413144999999999,5.299967999999999
-3.383144999999999,5.299967999999999
-3.3531449999999996,5.299967999999999
-3.3231449999999993,5.299967999999999
-3.293144999999999,5.299967999999999
-3.2631449999999997,5.299967999999999
-3.2331449999999995,5.299967999999999
-3.2031449999999992,5.299967999999999
-3.173144999999999,5.299967999999999
-3.1431449999999996,5.299967999999999
-3.1131449999999994,5.299967999999999
-3.083144999999999,5.299967999999999
-3.0531449999999998,5.299967999999999
-3.0231449999999995,5.299967999999999
-2.9931449999999993,5.299967999999999
-2.963144999999999,5.299967999999999
-2.9331449999999997,5.299967999999999
-2.9031449999999994,5.299967999999999
-2.873144999999999,5.299967999999999
-2.843145,5.299967999999999
-2.8131449999999996,5.2699679999999995
-2.7831449999999993,5.2699679999999995
-2.753144999999999,5.2699679999999995
-2.7231449999999997,5.2699679999999995
-2.6931449999999995,5.2699679999999995
-2.663144999999999,5.2699679999999995
-2.633144999999999,5.2699679999999995
-2.6031449999999996,5.2699679999999995
-2.5731449999999993,5.2699679999999995
-2.543144999999999,5.2699679999999995
-2.5131449999999997,5.2699679999999995
-2.4831449999999995,5.2699679999999995
-2.4531449999999992,5.2699679999999995
-2.423144999999999,5.2699679999999995
-2.3931449999999996,5.2699679999999995
-2.3631449999999994,5.2699679999999995
-2.333144999999999,5.2699679999999995
-2.3031449999999998,5.2699679999999995
-2.2731449999999995,5.2699679999999995
-2.2431449999999993,5.2699679999999995
-2.213144999999999,5.2699679999999995
-2.1831449999999997,5.239968
-2.1531449999999994,5.239968
-2.123144999999999,5.239968
-2.093145,5.239968
-2.0631449999999996,5.239968
-2.0331449999999993,5.239968
-2.003144999999999,5.239968
-1.9731449999999997,5.239968
-1.9431449999999995,5.239968
-1.9131449999999992,5.239968
-1.8831449999999998,5.239968
-1.8531449999999996,5.239968
-1.8231449999999993,5.239968
-1.793144999999999,5.239968
-1.7631449999999997,5.239968
-1.7331449999999995,5.239968
-1.7031449999999992,5.239968
-1.6731449999999999,5.239968
-1.6431449999999996,5.239968
-1.6131449999999994,5.239968
-1.5831449999999991,5.239968
-1.5531449999999998,5.239968
-1.5231449999999995,5.239968
-1.4931449999999993,5.239968
-1.463144999999999,5.239968
-1.4331449999999997,5.239968
-1.4031449999999994,5.239968
-1.3731449999999992,5.239968
-1.3431449999999998,5.239968
-1.3131449999999996,5.209967999999999
-1.2831449999999993,5.209967999999999
-1.253144999999999,5.209967999999999
-1.2231449999999997,5.209967999999999
-1.1931449999999995,5.209967999999999
-1.1631449999999992,5.209967999999999
-1.1331449999999998,5.209967999999999
-1.1031449999999996,5.209967999999999
-1.0731449999999993,5.209967999999999
-1.043144999999999,5.209967999999999
-1.0131449999999997,5.209967999999999
-0.9831449999999995,5.209967999999999
-0.9531449999999992,5.209967999999999
-0.9231449999999999,5.209967999999999
-0.8931449999999996,5.209967999999999
-0.8631449999999994,5.209967999999999
-0.833145,5.209967999999999
-0.8031449999999989,5.209967999999999
-0.7731449999999995,5.179968
-0.7431450000000002,5.179968
-0.713144999999999,5.179968
-0.6831449999999997,5.179968
-0.6531450000000003,5.179968
-0.6231449999999992,5.179968
-0.5931449999999998,5.179968
-0.5631449999999987,5.179968
-0.5331449999999993,5.179968
-0.503145,5.179968
-0.4731449999999988,5.179968
-0.44314499999999946,5.179968
-0.4131450000000001,5.179968
-0.38314499999999896,5.179968
-0.3531449999999996,5.179968
-0.32314500000000024,5.179968
-0.2931449999999991,5.179968
-0.26314499999999974,5.1499679999999985
-0.2331449999999986,5.1499679999999985
-0.20314499999999924,5.1499679999999985
-0.17314499999999988,5.1499679999999985
-0.14314499999999875,5.1499679999999985
-0.11314499999999938,5.1499679999999985
-0.08314500000000002,5.1499679999999985
-0.05314499999999889,5.1499679999999985
-0.023144999999999527,5.1499679999999985
0.0068549999999998334,5.1499679999999985
0.03685500000000097,5.1499679999999985
0.06685500000000033,5.1499679999999985
0.09685499999999969,5.1499679999999985
0.12685500000000083,5.1499679999999985
0.1568550000000002,5.1499679999999985
0.18685500000000133,5.1499679999999985
0.21685500000000069,5.1499679999999985
0.24685500000000005,5.1499679999999985
0.2768550000000012,5.119967999999999
0.30685500000000054,5.119967999999999
0.3368549999999999,5.119967999999999
0.36685500000000104,5.119967999999999
0.3968550000000004,5.119967999999999
0.42685499999999976,5.119967999999999
0.4568550000000009,5.119967999999999
0.48685500000000026,5.119967999999999
0.5168549999999996,5.119967999999999
0.5468550000000008,5.119967999999999
0.5768550000000001,5.119967999999999
0.6068550000000013,5.119967999999999
0.6368550000000006,5.119967999999999
0.666855,5.119967999999999
0.6968550000000011,5.119967999999999
0.7268550000000005,5.119967999999999
0.7568549999999998,5.119967999999999
0.786855000000001,5.089968
0.8168550000000003,5.089968
0.8468549999999997,5.089968
0.8768550000000008,5.089968
0.9068550000000002,5.089968
0.9368550000000013,5.089968
0.9668550000000007,5.089968
0.996855,5.089968
1.0268550000000012,5.089968
1.0568550000000005,5.089968
1.086855,5.089968
1.116855000000001,5.089968
1.1468550000000004,5.089968
1.1768549999999998,5.089968
1.206855000000001,5.089968
1.2368550000000003,5.089968
1.2668549999999996,5.089968
1.2968550000000008,5.059967999999999
1.3268550000000001,5.059967999999999
1.3568550000000013,5.059967999999999
1.3868550000000006,5.059967999999999
1.416855,5.059967999999999
1.4468550000000011,5.059967999999999
1.4768550000000005,5.059967999999999
1.5068549999999998,5.059967999999999
1.536855000000001,5.059967999999999
1.5668550000000003,5.059967999999999
1.5968549999999997,5.059967999999999
1.6268550000000008,5.059967999999999
1.6568550000000002,5.059967999999999
1.6868549999999995,5.059967999999999
1.7168550000000007,5.059967999999999
1.746855,5.059967999999999
1.7768550000000012,5.059967999999999
1.8068550000000005,5.059967999999999
1.836855,5.029967999999999
1.866855000000001,5.029967999999999
1.8968550000000004,5.029967999999999
1.9268549999999998,5.029967999999999
1.956855000000001,5.029967999999999
1.9868550000000003,5.029967999999999
2.0168549999999996,5.029967999999999
2.0468550000000008,5.029967999999999
2.076855,5.029967999999999
2.1068550000000013,5.029967999999999
2.1368550000000006,5.029967999999999
2.166855,5.029967999999999
2.196855000000001,5.029967999999999
2.2268550000000005,5.029967999999999
2.256855,5.029967999999999
2.286855000000001,5.029967999999999
2.3168550000000003,5.029967999999999
2.3468549999999997,4.999968
2.376855000000001,4.999968
2.406855,4.999968
2.4368549999999995,4.999968
2.4668550000000007,4.999968
2.496855,4.999968
2.526855000000001,4.999968
2.5568550000000005,4.999968
2.586855,4.999968
2.616855000000001,4.999968
2.6468550000000004,4.999968
2.6768549999999998,4.999968
2.706855000000001,4.999968
2.7368550000000003,4.999968
2.7668549999999996,4.999968
2.7968550000000008,4.999968
2.826855,4.999968
2.8568550000000013,4.969967999999999
2.8868550000000006,4.969967999999999
2.916855,4.969967999999999
2.946855000000001,4.969967999999999
2.9768550000000005,4.969967999999999
3.006855,4.969967999999999
3.036855000000001,4.969967999999999
3.0668550000000003,4.969967999999999
3.0968549999999997,4.969967999999999
3.126855000000001,4.969967999999999
3.156855,4.969967999999999
3.1868549999999995,4.969967999999999
3.2168550000000007,4.969967999999999
3.246855,4.969967999999999
3.276855000000001,4.969967999999999
3.3068550000000005,4.969967999999999
3.336855,4.969967999999999
3.366855000000001,4.969967999999999
3.3968550000000004,4.9399679999999995
3.4268549999999998,4.9399679999999995
3.456855000000001,4.9399679999999995
3.4868550000000003,4.9399679999999995
3.5168549999999996,4.9399679999999995
3.5468550000000008,4.9399679999999995
3.576855,4.9399679999999995
3.6068550000000013,4.9399679999999995
3.6368550000000006,4.9399679999999995
3.666855,4.9399679999999995
3.696855000000001,4.9399679999999995
3.7268550000000005,4.9399679999999995
3.756855,4.9399679999999995
3.786855000000001,4.9399679999999995
3.8168550000000003,4.9399679999999995
3.8468549999999997,4.9399679999999995
3.876855000000001,4.9399679999999995
3.906855,4.909968
3.9368549999999995,4.909968
3.9668550000000007,4.909968
3.996855,4.909968
4.026855000000001,4.909968
4.0568550000000005,4.909968
4.086855,4.909968
4.116855000000001,4.909968
4.146855,4.909968
4.176855,4.909968
4.206855000000001,4.909968
4.236855,4.909968
4.266855,4.909968
4.296855000000001,4.909968
4.326855,4.909968
4.3568549999999995,4.909968
4.386855000000001,4.909968
4.416855,4.879967999999999
4.446855000000001,4.879967999999999
4.4768550000000005,4.879967999999999
4.506855,4.879967999999999
4.536855000000001,4.879967999999999
4.566855,4.879967999999999
4.596855,4.879967999999999
4.626855000000001,4.879967999999999
4.656855,4.879967999999999
4.6868549999999995,4.879967999999999
4.716855000000001,4.879967999999999
4.746855,4.879967999999999
4.776855000000001,4.879967999999999
4.8068550000000005,4.879967999999999
4.836855,4.879967999999999
4.866855000000001,4.879967999999999
4.896855,4.879967999999999
4.926855,4.879967999999999
4.956855000000001,4.849968
4.986855,4.849968
5.016855,4.849968
5.046855000000001,4.849968
5.076855,4.849968
5.1068549999999995,4.849968
5.136855000000001,4.849968
5.166855,4.849968
5.196855000000001,4.849968
5.2268550000000005,4.849968
5.256855,4.849968
5.286855000000001,4.849968
5.316855,4.849968
5.346855,4.849968
5.376855000000001,4.849968
5.406855,4.849968
5.4368549999999995,4.849968
5.466855000000001,4.819968
5.496855,4.819968
5.526854999999999,4.819968
5.5568550000000005,4.819968
5.586855,4.819968
5.616855000000001,4.819968
5.646855,4.819968
5.676855,4.819968
5.706855000000001,4.819968
5.736855,4.819968
5.766855,4.819968
5.796855000000001,4.819968
5.826855,4.819968
5.8568549999999995,4.819968
5.886855000000001,4.819968
5.916855,4.819968
5.946855000000001,4.819968
5.9768550000000005,4.789967999999999
6.006855,4.789967999999999
6.036855000000001,4.789967999999999
6.066855,4.789967999999999
6.096855,4.789967999999999
6.126855000000001,4.789967999999999
6.156855,4.789967999999999
6.1868549999999995,4.789967999999999
6.216855000000001,4.789967999999999
6.246855,4.789967999999999
6.276854999999999,4.789967999999999
6.3068550000000005,4.789967999999999
6.336855,4.789967999999999
6.366855000000001,4.789967999999999
6.396855,4.789967999999999
6.426855,4.789967999999999
6.456855000000001,4.789967999999999
6.486855,4.789967999999999
6.516855,4.759968
6.546855000000001,4.759968
6.576855,4.759968
6.6068549999999995,4.759968
6.636855000000001,4.759968
6.666855,4.759968
6.696855000000001,4.759968
6.7268550000000005,4.759968
6.756855,4.759968
6.786855000000001,4.759968
6.816855,4.759968
6.846855,4.759968
6.876855000000001,4.759968
6.906855,4.759968
6.9368549999999995,4.759968
6.966855000000001,4.759968
6.996855,4.759968
7.026854999999999,4.729967999999999
7.0568550000000005,4.729967999999999
7.086855,4.729967999999999
7.116855000000001,4.729967999999999
7.146855,4.729967999999999
7.1768550000000015,4.729967999999999
7.206854999999999,4.729967999999999
7.236855,4.729967999999999
7.266855000000001,4.729967999999999
7.296854999999999,4.729967999999999
7.326855,4.729967999999999
7.356855000000001,4.729967999999999
7.386854999999999,4.729967999999999
7.416855,4.729967999999999
7.446855000000001,4.729967999999999
7.476854999999999,4.729967999999999
7.506855,4.729967999999999
7.536855000000001,4.699967999999999
7.5668549999999986,4.699967999999999
7.596855,4.699967999999999
7.626855000000001,4.699967999999999
7.656855000000002,4.699967999999999
7.6868549999999995,4.699967999999999
7.716855000000001,4.699967999999999
7.746855000000002,4.699967999999999
7.776854999999999,4.699967999999999
7.8068550000000005,4.699967999999999
7.836855000000002,4.699967999999999
7.866854999999999,4.699967999999999
7.896855,4.699967999999999
7.9268550000000015,4.699967999999999
7.956854999999999,4.699967999999999
7.986855,4.699967999999999
8.016855000000001,4.699967999999999
8.046854999999999,4.699967999999999
8.076855,4.669968
8.106855000000001,4.669968
8.136854999999999,4.669968
8.166855,4.669968
8.196855000000001,4.669968
8.226854999999999,4.669968
8.256855,4.669968
8.286855000000001,4.669968
8.316854999999999,4.669968
8.346855,4.669968
8.376855,4.669968
8.406855000000002,4.669968
8.436855,4.669968
8.466855,4.669968
8.496855000000002,4.669968
8.526855,4.669968
8.556855,4.669968
8.586855000000002,4.639967999999999
8.616855,4.639967999999999
8.646855,4.639967999999999
8.676855000000002,4.639967999999999
8.706855,4.639967999999999
8.736855,4.639967999999999
8.766855000000001,4.639967999999999
8.796854999999999,4.639967999999999
8.826855,4.639967999999999
8.856855000000001,4.639967999999999
8.886854999999999,4.639967999999999
8.916855,4.639967999999999
8.946855000000001,4.639967999999999
8.976854999999999,4.639967999999999
9.006855,4.639967999999999
9.036855000000001,4.639967999999999
9.066854999999999,4.639967999999999
9.096855,4.609967999999999
9.126855,4.609967999999999
9.156854999999998,4.609967999999999
9.186855,4.609967999999999
9.216855,4.609967999999999
9.246855000000002,4.609967999999999
9.276855,4.609967999999999
9.306855,4.609967999999999
9.336855000000002,4.609967999999999
9.366855,4.609967999999999
9.396855,4.609967999999999
9.426855000000002,4.609967999999999
9.456855,4.609967999999999
9.486855,4.609967999999999
9.516855000000001,4.609967999999999
9.546854999999999,4.609967999999999
9.576855,4.609967999999999
9.606855000000001,4.609967999999999
9.636854999999999,4.579968
9.666855,4.579968
9.696855000000001,4.579968
9.726854999999999,4.579968
9.756855,4.579968
9.786855000000001,4.579968
9.816854999999999,4.579968
9.846855,4.579968
9.876855,4.579968
9.906854999999998,4.579968
9.936855,4.579968
9.966855,4.579968
9.996855000000002,4.579968
10.026855,4.579968
10.056855,4.579968
10.086855000000002,4.579968
10.116855,4.579968
10.146855,4.549967999999999
10.176855000000002,4.549967999999999
10.206855,4.549967999999999
10.236855,4.549967999999999
10.266855000000001,4.549967999999999
10.296854999999999,4.549967999999999
10.326855,4.549967999999999
10.356855000000001,4.549967999999999
10.386854999999999,4.549967999999999
10.416855,4.549967999999999
10.446855000000001,4.549967999999999
10.476854999999999,4.549967999999999
10.506855,4.549967999999999
10.536855000000001,4.549967999999999
10.566854999999999,4.549967999999999
10.596855,4.549967999999999
10.626855,4.549967999999999
10.656854999999998,4.5199679999999995
10.686855,4.5199679999999995
10.716855,4.5199679999999995
10.746855000000002,4.5199679999999995
10.776855,4.5199679999999995
10.806855,4.5199679999999995
10.836855000000002,4.5199679999999995
10.866855,4.5199679999999995
10.896855,4.5199679999999995
10.926855000000002,4.5199679999999995
10.956855,4.5199679999999995
10.986855,4.5199679999999995
11.016855000000001,4.5199679999999995
11.046854999999999,4.5199679999999995
11.076855,4.5199679999999995
11.106855000000001,4.5199679999999995
11.136854999999999,4.5199679999999995
11.166855,4.5199679999999995
11.196855000000001,4.489968
11.226854999999999,4.489968
11.256855,4.489968
11.286855000000001,4.489968
11.316854999999999,4.489968
11.346855,4.459967999999999
11.376855,4.429968
11.376855,4.3999679999999985
11.406854999999998,4.369967999999999
11.436855,4.339968
11.436855,4.309967999999999
11.436855,4.279967999999999
11.436855,4.249968
11.436855,4.219967999999999
11.436855,4.1899679999999995
11.436855,4.159968
11.436855,4.129967999999999
11.436855,4.099968
11.436855,4.069968
11.436855,4.039967999999999
11.436855,4.009968
11.436855,3.9799679999999986
11.436855,3.9499679999999993
11.436855,3.919968
11.436855,3.8899679999999988
11.466855,3.8599679999999994
11.496855000000002,3.829968
11.496855000000002,3.799967999999999
11.496855000000002,3.7699679999999995
11.496855000000002,3.739968
11.526855,3.709967999999999
11.556855,3.6799679999999997
11.586855000000002,3.6799679999999997
11.616855,3.6799679999999997
11.646855,3.6799679999999997
11.676855000000002,3.6799679999999997
11.706855,3.6799679999999997
11.706855,3.6499680000000003
11.706855,3.619967999999999
11.736855,3.589968
11.766855000000001,3.589968
11.796854999999999,3.589968
11.826855,3.5599679999999987
11.826855,3.5299679999999993
11.826855,3.499968
11.856855000000001,3.469967999999999
11.886854999999999,3.469967999999999
11.916855,3.469967999999999
11.946855000000001,3.469967999999999
11.976854999999999,3.469967999999999
12.006855,3.469967999999999
12.036855000000001,3.469967999999999
12.066854999999999,3.469967999999999
12.096855,3.4399679999999995
12.126855,3.4399679999999995
12.156854999999998,3.409968
12.186855,3.409968
12.216855,3.409968
12.246854999999998,3.379967999999999
12.276855,3.379967999999999
12.306855,3.379967999999999
12.336855000000002,3.3499679999999996
12.366855,3.3499679999999996
12.396855,3.3199680000000003
12.426855000000002,3.3199680000000003
12.456855,3.3199680000000003
12.486855,3.289967999999999
12.516855000000001,3.289967999999999
12.546854999999999,3.2599679999999998
12.576855,3.2299679999999986
12.606855000000001,3.2299679999999986
12.636854999999999,3.1999679999999993
12.666855,3.1999679999999993
12.696855000000001,3.169968
12.726854999999999,3.1399679999999988
12.756855,3.1099679999999994
12.786855000000001,3.079968
12.816854999999999,3.049967999999999
12.846855,3.0199679999999995
12.846855,2.9899679999999993
12.876855,2.959967999999999
12.876855,2.9299679999999997
12.906854999999998,2.8999679999999994
12.906854999999998,2.869967999999999
12.906854999999998,2.839968
12.936855,2.8099679999999996
12.936855,2.7799679999999993
12.936855,2.749967999999999
12.936855,2.7199679999999997
12.936855,2.6899679999999995
12.936855,2.659967999999999
12.936855,2.629968
12.936855,2.5999679999999996
12.936855,2.5699679999999994
12.936855,2.539967999999999
12.936855,2.5099679999999998
12.936855,2.4799679999999995
12.936855,2.4499679999999993
12.936855,2.419968
12.936855,2.3899679999999996
12.936855,2.3599679999999994
12.936855,2.329967999999999
12.936855,2.299968
12.906854999999998,2.2699679999999995
12.906854999999998,2.2399679999999993
12.906854999999998,2.209967999999999
12.906854999999998,2.1799679999999997
12.906854999999998,2.1499679999999994
12.906854999999998,2.119967999999999
12.906854999999998,2.089968
12.906854999999998,2.0599679999999996
12.906854999999998,2.0299679999999993
12.906854999999998,1.999967999999999
12.906854999999998,1.9699679999999997
12.906854999999998,1.9399679999999995
12.906854999999998,1.9099679999999992
12.906854999999998,1.8799679999999999
12.906854999999998,1.8499679999999996
12.876855,1.8199679999999994
12.876855,1.7899679999999991
12.876855,1.7599679999999998
12.876855,1.7299679999999995
12.876855,1.6999679999999993
12.876855,1.669968
12.876855,1.6399679999999996
12.876855,1.6099679999999994
12.876855,1.5799679999999992
12.876855,1.5499679999999998
12.876855,1.5199679999999995
12.876855,1.4899679999999993
12.876855,1.459968
12.876855,1.4299679999999997
12.876855,1.3999679999999994
12.876855,1.3699679999999992
12.876855,1.3399679999999998
12.876855,1.3099679999999996
12.876855,1.2799679999999993
12.876855,1.249968
12.876855,1.2199679999999997
12.876855,1.1899679999999995
12.876855,1.1599679999999992
12.876855,1.1299679999999999
12.876855,1.0999679999999996
12.876855,1.0699679999999994
12.876855,1.0399679999999991
12.876855,1.0099679999999998
12.846855,0.9799679999999995
12.846855,0.9499679999999993
12.846855,0.9199679999999999
12.846855,0.8899679999999996
12.846855,0.8599679999999994
12.846855,0.8299679999999992
12.846855,0.7999679999999998
12.846855,0.7699679999999995
12.846855,0.7399679999999993
12.846855,0.7099679999999999
12.846855,0.6799679999999997
12.846855,0.6499679999999994
12.846855,0.6199679999999992
12.846855,0.5899679999999998
12.846855,0.5599679999999996
12.846855,0.5299679999999993
12.846855,0.49996799999999997
12.846855,0.4699679999999997
12.846855,0.43996799999999947
12.846855,0.4099679999999992
12.846855,0.37996799999999986
12.846855,0.3499679999999996
12.846855,0.31996799999999936
12.846855,0.2899679999999991
12.846855,0.25996799999999975
12.816854999999999,0.2299679999999995
12.816854999999999,0.19996799999999926
12.816854999999999,0.1699679999999999
12.816854999999999,0.13996799999999965
12.816854999999999,0.1099679999999994
12.816854999999999,0.07996799999999915
12.816854999999999,0.04996799999999979
12.816854999999999,0.01996799999999954
12.816854999999999,-0.010032000000000707
12.816854999999999,-0.04003200000000007
12.816854999999999,-0.07003200000000032
12.786855000000001,-0.10003200000000056
12.786855000000001,-0.1300320000000008
12.786855000000001,-0.16003200000000017
12.786855000000001,-0.19003200000000042
12.756855,-0.22003200000000067
12.756855,-0.25003200000000003
12.756855,-0.2800320000000003
12.756855,-0.31003200000000053
12.726854999999999,-0.3400320000000008
12.726854999999999,-0.37003200000000014
12.726854999999999,-0.4000320000000004
12.696855000000001,-0.43003200000000064
12.696855000000001,-0.460032
12.666855,-0.49003200000000025
12.666855,-0.5200320000000005
12.636854999999999,-0.5500320000000007
12.636854999999999,-0.5800320000000001
12.606855000000001,-0.6100320000000004
12.576855,-0.6400320000000006
12.546854999999999,-0.670032
12.516855000000001,-0.670032
12.486855,-0.7000320000000002
12.456855,-0.7300320000000005
12.426855000000002,-0.7300320000000005
12.396855,-0.7600320000000007
12.366855,-0.7600320000000007
12.336855000000002,-0.7900320000000001
12.306855,-0.7900320000000001
12.276855,-0.8200320000000003
12.246854999999998,-0.8200320000000003
12.216855,-0.8200320000000003
12.186855,-0.8500320000000006
12.156854999999998,-0.8500320000000006
12.126855,-0.8500320000000006
12.096855,-0.8800320000000008
12.066854999999999,-0.8800320000000008
12.036855000000001,-0.8800320000000008
12.006855,-0.9100320000000002
11.976854999999999,-0.9100320000000002
11.946855000000001,-0.9100320000000002
11.916855,-0.9100320000000002
11.886854999999999,-0.9400320000000004
11.856855000000001,-0.9400320000000004
11.826855,-0.9400320000000004
11.796854999999999,-0.9400320000000004
11.766855000000001,-0.9700320000000007
11.736855,-0.9700320000000007
11.706855,-0.9700320000000007
11.676855000000002,-0.9700320000000007
11.646855,-1.0000320000000005
11.616855,-1.0000320000000005
11.586855000000002,-1.0000320000000005
11.556855,-1.0000320000000005
11.526855,-1.0300320000000003
11.496855000000002,-1.0300320000000003
11.466855,-1.0300320000000003
11.436855,-1.0300320000000003
11.406854999999998,-1.0300320000000003
11.376855,-1.0300320000000003
11.346855,-1.0600320000000005
11.316854999999999,-1.0600320000000005
11.286855000000001,-1.0600320000000005
11.256855,-1.0600320000000005
11.226854999999999,-1.0600320000000005
11.196855000000001,-1.0600320000000005
11.166855,-1.0900320000000003
11.136854999999999,-1.0900320000000003
11.106855000000001,-1.0900320000000003
11.076855,-1.0900320000000003
11.046854999999999,-1.0900320000000003
11.016855000000001,-1.0900320000000003
10.986855,-1.0900320000000003
10.956855,-1.1200320000000006
10.926855000000002,-1.1200320000000006
10.896855,-1.1200320000000006
10.866855,-1.1200320000000006
10.836855000000002,-1.1200320000000006
10.806855,-1.1200320000000006
10.776855,-1.1200320000000006
10.746855000000002,-1.1200320000000006
10.716855,-1.1200320000000006
10.686855,-1.1200320000000006
10.656854999999998,-1.1200320000000006
