-3.941,2.713,3.000
-4.151,2.579,3.000
-4.317,2.394,3.000
-4.429,2.172,3.000
-4.480,1.928,3.000
-4.472,1.680,3.000
-4.412,1.438,3.000
-4.310,1.210,3.000
-4.174,1.002,3.000
-4.009,0.815,3.000
-3.823,0.649,3.000
-3.619,0.505,3.000
-3.403,0.382,3.000
-3.176,0.278,3.000
-2.942,0.191,3.000
-2.704,0.119,3.000
-2.461,0.061,3.000
-2.216,0.013,3.000
-1.970,-0.026,3.000
-1.723,-0.059,3.000
-1.475,-0.087,3.000
-1.226,-0.106,3.000
-0.977,-0.114,3.000
-0.728,-0.106,3.000
-0.480,-0.077,3.000
-0.237,-0.023,3.000
-0.002,0.060,3.000
0.219,0.176,3.000
0.417,0.327,3.000
0.582,0.514,2.989
0.699,0.733,2.940
0.755,0.975,2.939
0.741,1.224,2.938
0.662,1.459,2.980
0.530,1.671,3.000
0.360,1.853,3.000
0.162,2.004,3.000
-0.054,2.127,3.000
-0.284,2.225,3.000
-0.522,2.300,3.000
-0.764,2.359,3.000
-1.009,2.406,3.000
-1.255,2.445,3.000
-1.502,2.483,3.000
-1.748,2.524,3.000
-1.993,2.572,3.000
-2.235,2.631,3.000
-2.476,2.694,3.000
-2.718,2.754,3.000
-2.963,2.803,3.000
-3.211,2.832,3.000
-3.460,2.832,3.000
-3.706,2.795,3.000
