#x_m,y_m,w_tr_right_m,w_tr_left_m
6.449999999999999,8.120034,0.7503332921912279,0.8958868148958209
6.420000000000002,8.090034,0.7813037319865604,0.8711673858431727
6.120000000000001,8.090034,0.8099999999999999,0.9539944979263161
6.09,8.060034,0.84,0.937810835958611
6.030000000000001,8.060034,0.84,0.9626346091898684
6.0,8.030034,0.87,0.9490341610879985
5.91,8.030034,0.8598630072715726,0.989462990476769
5.880000000000003,8.000034,0.8849242404917498,0.9712239802287075
5.760000000000002,8.000034,0.8727525250360293,1.0170036255724637
5.73,7.970034,0.9011995203836164,1.002697574364183
5.640000000000001,7.970034,0.8999999999999999,1.042886904474855
5.609999999999999,7.940034000000001,0.9299999999999999,1.0299999999999998
5.52,7.940034000000001,0.9299999999999999,1.0697770542341356
5.490000000000002,7.910034,0.96,1.0565346125287416
5.400000000000002,7.910034,0.96,1.1001562423713502
5.370000000000001,7.880034,0.99,1.0899999999999999
5.310000000000002,7.880034,0.99,1.1224980739587949
5.280000000000001,7.850034000000001,1.02,1.1147135968957467
5.220000000000002,7.850034000000001,1.02,1.1475436261295175
5.190000000000001,7.820034,1.05,1.1368567438844488
5.100000000000001,7.820034,1.05,1.1770509831248421
5.07,7.790034,1.08,1.1641213898030396
4.98,7.790034,1.08,1.2081569014584108
4.949999999999999,7.760033999999999,1.1099999999999999,1.1981166037701885
4.890000000000001,7.760033999999999,1.1099999999999999,1.2306646122227147
4.859999999999999,7.730034,1.14,1.2228464818433478
4.800000000000001,7.730034,1.1361163555476343,1.2557049866079437
4.77,7.7000340000000005,1.1608236708995028,1.2474839055052838
4.710000000000001,7.7000340000000005,1.1526266002774235,1.2821616088334975
4.68,7.670033999999999,1.1791290003819284,1.276091213873882
4.650000000000002,7.670033999999999,1.1763445611704955,1.2944915714485816
4.620000000000001,7.640034,1.203995565404749,1.2892177061498133
4.560000000000002,7.640034,1.2009997223764362,1.324088813627231
4.530000000000001,7.610034000000001,1.2302458851203573,1.3161773041198372
4.470000000000002,7.610034000000001,1.23,1.3476200908195386
4.440000000000001,7.5800339999999995,1.26,1.3388311504866346
4.380000000000003,7.5800339999999995,1.26,1.372778684201633
4.350000000000001,7.550034,1.2902380802428037,1.3638669480410879
4.260000000000002,7.550034,1.2938056922503955,1.4058856209122306
4.23,7.520034000000001,1.3237463450257678,1.3940432941197516
4.140000000000001,7.520034000000001,1.320234360696631,1.4398195792392652
4.109999999999999,7.490034,1.3499999999999999,1.43051806518354
4.050000000000001,7.490034,1.3499999999999999,1.4610456394485059
4.02,7.460034,1.38,1.4499999999999997
3.9299999999999997,7.460034,1.38,1.4971980372511884
3.900000000000002,7.430034000000001,1.41,1.4872594194015032
3.84,7.430034000000001,1.41,1.516928357676593
3.8100000000000023,7.400034,1.44,1.506638980982877
3.7200000000000024,7.400034,1.44,1.5551642270144739
3.6900000000000013,7.370034,1.47,1.547266470198738
3.6000000000000014,7.370034,1.4719555979798409,1.5999999999999999
3.5700000000000003,7.340033999999999,1.5034257771549726,1.594421161084847
3.4800000000000004,7.340033999999999,1.5104738804353868,1.6468348795377812
3.4499999999999993,7.310034,1.54347848134755,1.638434006463608
3.3599999999999994,7.310034,1.5554117936023266,1.688355546980426
3.330000000000002,7.280034000000001,1.589794510907359,1.6801146758828993
3.2699999999999996,7.280034000000001,1.5899999999999999,1.714520264075269
3.240000000000002,7.250033999999999,1.6199999999999999,1.7080081521588635
3.1799999999999997,7.250033999999999,1.6199999999999999,1.7443930137121704
3.150000000000002,7.220034,1.65,1.7395758527006846
3.09,7.220034,1.65,1.777827912727386
3.0600000000000023,7.190034000000001,1.68,1.7714973035423132
3.0,7.190034000000001,1.68,1.805319934412575
2.9700000000000024,7.160034,1.71,1.7982819670353765
2.8800000000000026,7.160034,1.71,1.852275494069519
2.8500000000000014,7.130034,1.74,1.8472963170422263
2.8200000000000003,7.130034,1.74,1.8661994844053196
2.7900000000000027,7.100034000000001,1.7701898658124418,1.8623928547132036
2.7300000000000004,7.100034000000001,1.7717082451262847,1.901686907155052
2.6999999999999993,7.070034,1.8029981273400943,1.8994374340665772
2.6700000000000017,7.070034,1.8046829312822097,1.9197933796090938
2.6400000000000006,7.040034,1.836657546722559,1.9186773244895645
2.580000000000002,7.040034,1.8418230894149559,1.9550560075077716
2.5500000000000007,7.010033999999999,1.874772716836841,1.9462420158275424
2.280000000000001,7.010033999999999,1.8782251713676057,2.0199999999999996
2.25,6.980034,1.9045957757690164,1.9899999999999998
1.5,6.980034,1.89,2.026420392571276
1.4700000000000024,6.9500340000000005,1.92,1.9988397307550558
1.4100000000000001,6.9500340000000005,1.92,2.0045957757690163
1.1099999999999994,6.650034,1.6299103120977756,1.7199999999999998
1.0800000000000018,6.650034,1.6000454540758924,1.7199999999999998
0.5100000000000016,6.0800339999999995,1.0970562748477142,1.1799999999999997
0.4800000000000004,6.0800339999999995,1.0673631877908303,1.1799999999999997
0.35999999999999943,5.960034,0.9717824276915683,1.0599999999999998
0.33000000000000185,5.960034,0.9425952158618929,1.0599999999999998
0.17999999999999972,5.810034,0.8340502083260543,0.9099999999999999
0.15000000000000213,5.810034,0.8052046114356443,0.9099999999999999
0.08999999999999986,5.750033999999999,0.766235704408284,0.85
0.060000000000002274,5.750033999999999,0.7379461872586655,0.85
0.0,5.690034000000001,0.7038788287260438,0.7899999999999999
-0.029999999999997584,5.690034000000001,0.6763228431709589,0.790348790056394
-0.08999999999999986,5.630034,0.6477980605851253,0.7332882874656679
-0.11999999999999744,5.630034,0.6211879462228572,0.7358397954427587
-0.17999999999999972,5.570034,0.5988744721612851,0.6837651794169315
-0.2099999999999973,5.570034,0.5734564329364766,0.688696765369537
-0.23999999999999844,5.540034,0.564989270336856,0.664989270336856
-0.2699999999999996,5.540034,0.5403946685248927,0.6699999999999999
-0.3299999999999983,5.480034,0.5292918134831226,0.61
-0.39000000000000057,5.480034,0.4837435120913065,0.61
-0.41999999999999815,5.4500340000000005,0.4820813278122859,0.58
-0.4499999999999993,5.4500340000000005,0.4606601717798213,0.58
-0.4800000000000004,5.420033999999999,0.4606601717798213,0.5499999999999999
-0.5399999999999991,5.420033999999999,0.41823376490862835,0.5499999999999999
-0.5700000000000003,5.390034,0.41823376490862835,0.5199999999999999
-0.5999999999999979,5.390034,0.39724620831567964,0.5199999999999999
-0.629999999999999,5.360034000000001,0.39904954832080275,0.48999999999999994
-0.6899999999999977,5.360034000000001,0.36046863561492726,0.48999999999999994
-0.7199999999999989,5.3300339999999995,0.36607453128627704,0.45999999999999996
-0.7799999999999976,5.3300339999999995,0.33193347402054396,0.45999999999999996
-0.8099999999999987,5.300034,0.34154128958851293,0.42999999999999994
-0.9299999999999997,5.300034,0.28639720216164943,0.4124143795447329
-0.9599999999999973,5.270034000000001,0.3024965373894794,0.3782368700982668
-1.5,5.270034000000001,0.24214013085709193,0.37206651122491796
-1.5299999999999976,5.240034,0.27464278422679506,0.3448076704197233
-1.6199999999999992,5.240034,0.2884255736976508,0.35906926379658116
-1.6499999999999986,5.270034000000001,0.2658521813797087,0.39498603341057786
-1.799999999999999,5.270034000000001,0.31389277270366905,0.39999999999999997
-1.8299999999999983,5.300034,0.2989994438263018,0.42999999999999994
-1.9199999999999982,5.300034,0.3391485505499117,0.42999999999999994
-1.9499999999999993,5.3300339999999995,0.32660671268883007,0.45999999999999996
-2.039999999999999,5.3300339999999995,0.37349884437527714,0.45999999999999996
-2.0699999999999985,5.360034000000001,0.36607453128627704,0.48999999999999994
-2.129999999999999,5.360034000000001,0.4026464980241042,0.4918165152889924
-2.1599999999999984,5.390034,0.39904954832080275,0.5239628899525607
-2.2499999999999982,5.390034,0.4606601717798213,0.5357605900979241
-2.2799999999999994,5.420033999999999,0.4615083607772479,0.5707940978544849
-2.3099999999999987,5.420033999999999,0.4837435120913065,0.5770793842609744
-2.339999999999998,5.4500340000000005,0.4870602559196062,0.61
-2.369999999999999,5.4500340000000005,0.5104053313993048,0.61
-2.3999999999999986,5.480034,0.5160645142642964,0.6399999999999999
-2.459999999999999,5.480034,0.564989270336856,0.6399999999999999
-2.4899999999999984,5.510034000000001,0.5734564329364766,0.6703845521878695
-2.5199999999999996,5.510034000000001,0.5988744721612851,0.6715374513859981
-2.5799999999999983,5.570034,0.6211879462228572,0.7358397954427587
-2.6099999999999994,5.570034,0.6477980605851253,0.7391125856838029
-2.639999999999999,5.600034000000001,0.6614277624977183,0.7727922061357855
-2.669999999999998,5.600034000000001,0.6886038956948717,0.7773801313626261
-2.6999999999999993,5.630034,0.7038788287260438,0.8121356637177423
-2.7299999999999986,5.630034,0.7315404612703288,0.8179529581893277
-2.759999999999998,5.660034,0.7483323032546538,0.8536617007214172
-2.789999999999999,5.660034,0.7764083696345353,0.860624856453828
-2.8499999999999996,5.720034,0.8138246001537814,0.9340502083260542
-2.879999999999999,5.720034,0.8424978336205569,0.9356183336806477
-3.089999999999998,5.930034000000001,1.0038079685548391,1.1211107303327557
-3.119999999999999,5.930034000000001,1.0335544068074378,1.120277753966893
-3.3599999999999994,6.170033999999999,1.2456706098326429,1.3599999999999999
-3.389999999999999,6.170033999999999,1.2754199529705341,1.3602419197512994
-3.5699999999999985,6.350034000000001,1.440882162203394,1.550780339285512
-3.5999999999999996,6.350034000000001,1.470869382650678,1.5540691322348426
-3.9899999999999984,6.740034,1.8599999999999999,1.9449539872971022
-3.9899999999999984,6.770034000000001,1.8599999999999999,1.974772716836841
-4.049999999999999,6.8300339999999995,1.9201785651020842,2.028734861546382
-4.079999999999998,6.8300339999999995,1.9501764644824091,2.026420392571276
-4.109999999999999,6.860034000000001,1.9314027731674785,2.05440795488896
-4.199999999999999,6.860034000000001,1.924460338369371,2.0031580054003784
-4.229999999999999,6.890034,1.8928898892650672,2.0031580054003784
-4.259999999999998,6.890034,1.891625975141534,1.9819448019647816
-4.289999999999999,6.920033999999999,1.8607315985291852,1.9819448019647816
-4.35,6.920033999999999,1.8599999999999999,1.9395183950935888
-4.379999999999999,6.9500340000000005,1.8299999999999998,1.9395183950935888
-4.409999999999998,6.9500340000000005,1.8299999999999998,1.9183051916579923
-4.4399999999999995,6.980034,1.7971858501167572,1.9186773244895645
-4.499999999999998,6.980034,1.7889118861942146,1.877393530739074
-4.529999999999999,7.010033999999999,1.755525419094432,1.8792856070678021
-4.589999999999998,7.010033999999999,1.7494041797868667,1.8396153530014285
-4.619999999999999,7.040034,1.7170023737579552,1.843074902771996
-4.679999999999998,7.040034,1.713114783144148,1.8051247254758254
-4.709999999999999,7.070034,1.68177562437677,1.8101947969814145
-4.77,7.070034,1.6801973598791835,1.774071238989667
-4.799999999999999,7.100034000000001,1.65,1.7807893370497851
-4.859999999999999,7.100034000000001,1.65,1.7465974272218865
-4.889999999999999,7.130034,1.6199999999999999,1.754994456755936
-4.979999999999999,7.130034,1.6199999999999999,1.707192787229969
-5.009999999999998,7.160034,1.5899999999999999,1.714520264075269
-5.0699999999999985,7.160034,1.589794510907359,1.6786693186438366
-5.099999999999998,7.190034000000001,1.5554117936023266,1.6840329667841554
-5.159999999999998,7.190034000000001,1.5470444802099468,1.6483016547961786
-5.1899999999999995,7.220034,1.5136697944570243,1.6554117936023265
-5.309999999999999,7.220034,1.5034257771549726,1.5890428430264418
-5.339999999999998,7.250033999999999,1.4719555979798409,1.596783250600786
-5.429999999999998,7.250033999999999,1.47,1.547266470198738
-5.459999999999999,7.280034000000001,1.4402205763103164,1.5523157651784483
-5.489999999999998,7.280034000000001,1.440882162203394,1.534035397922071
-5.52,7.310034,1.4120139164528658,1.5364675298172565
-5.579999999999998,7.310034,1.415589243868899,1.4940411229460637
-5.609999999999999,7.340033999999999,1.388164983093707,1.4944924166313591
-5.639999999999999,7.340033999999999,1.388164983093707,1.4738540979515173
-5.669999999999998,7.370034,1.3557607215607945,1.4756770991232346
-5.729999999999999,7.370034,1.3520758181996928,1.4361043360315062
-5.759999999999998,7.400034,1.3209372712298546,1.4398195792392652
-5.8199999999999985,7.400034,1.3199999999999998,1.4023406634985227
-5.849999999999998,7.430034000000001,1.29,1.4080094339389413
-5.909999999999998,7.430034000000001,1.29,1.367243958351452
-5.9399999999999995,7.460034,1.26,1.3686893802876923
-5.969999999999999,7.460034,1.26,1.3485940603604674
-5.999999999999998,7.490034,1.23,1.3515128949051367
-6.059999999999999,7.490034,1.23,1.313201588351389
-6.089999999999998,7.520034000000001,1.2,1.3181584089402112
-6.149999999999999,7.520034000000001,1.2,1.2821616088334975
-6.179999999999998,7.550034,1.17,1.2892177061498133
-6.239999999999998,7.550034,1.17,1.2557049866079437
-6.27,7.5800339999999995,1.14,1.264652940382329
-6.329999999999998,7.5800339999999995,1.14,1.2306646122227147
-6.359999999999999,7.610034000000001,1.1099999999999999,1.2394826817189066
-6.419999999999998,7.610034000000001,1.1099999999999999,1.2057842770995397
-6.449999999999999,7.640034,1.08,1.2142053552593983
-6.539999999999999,7.640034,1.08,1.1670932787339765
-6.5699999999999985,7.670033999999999,1.05,1.1783920876839236
-6.659999999999998,7.670033999999999,1.05,1.1368567438844488
-6.6899999999999995,7.7000340000000005,1.02,1.150272704737008
-6.809999999999999,7.7000340000000005,1.02,1.0967780058605516
-6.839999999999998,7.730034,0.99,1.111365880239494
-7.02,7.730034,0.9671949463930772,1.0463828762631846
-7.049999999999999,7.760033999999999,0.9346986674914395,1.0660459763365822
-7.259999999999998,7.760033999999999,0.9299999999999999,1.0134397906755328
-7.289999999999999,7.790034,0.8999999999999999,1.0358710883404243
-7.949999999999999,7.790034,0.9299999999999999,1.0047923444781341
-7.979999999999999,7.820034,0.8999999999999999,1.0346986674914396
-8.37,7.820034,0.9002999700059984,0.9776332427229703
-8.399999999999999,7.850034000000001,0.8712239802287074,1.0047923444781341
-8.7,7.850034000000001,0.8712239802287074,0.9999999999999998
-8.729999999999999,7.820034,0.9002999700059984,0.9699999999999999
-10.649999999999999,7.820034,0.9107613974417006,1.0358710883404243
-10.68,7.790034,0.9443445211480501,1.0134397906755328
-10.979999999999999,7.790034,0.96,1.0942396306703706
-11.009999999999998,7.760033999999999,0.99,1.0766420012165092
-11.129999999999999,7.760033999999999,0.99,1.1238842323269227
-11.159999999999998,7.730034,1.02,1.1099689437998486
-11.249999999999998,7.730034,1.02,1.1521803775617234
-11.279999999999998,7.7000340000000005,1.05,1.1412495239907918
-11.309999999999999,7.7000340000000005,1.05,1.156804152578089
-11.369999999999997,7.640034,1.0038079685548391,1.1393291310777098
-11.369999999999997,7.610034000000001,1.0001562423713504,1.1147135968957467
-11.399999999999999,7.5800339999999995,0.9671949463930772,1.1080111939908877
-11.399999999999999,7.520034000000001,0.96259399717265,1.0602884348735013
-11.43,7.490034,0.9311760186209814,1.0556670594957005
-11.43,7.460034,0.9302940893828219,1.032644772933376
-11.459999999999997,7.430034000000001,0.8999999999999999,1.0297058540778352
-11.459999999999997,7.370034,0.8999999999999999,0.9855302083767935
-11.489999999999998,7.340033999999999,0.87,0.9849242404917496
-11.489999999999998,7.310034,0.87,0.9637110370561535
-11.52,7.280034000000001,0.84,0.963864747850702
-11.52,7.220034,0.84,0.922708684165525
-11.549999999999999,7.190034000000001,0.8099999999999999,0.9252368224263643
-11.549999999999999,7.130034,0.8099999999999999,0.8868309197591464
-11.579999999999998,7.100034000000001,0.78,0.8920129309744217
-11.579999999999998,7.040034,0.78,0.8566502865514015
-11.61,7.010033999999999,0.75,0.864587849865299
-11.61,6.9500340000000005,0.7416407864998739,0.8325539388707686
-11.639999999999999,6.920033999999999,0.7069812546475178,0.8433167906342866
-11.639999999999999,6.770034000000001,0.691394595001853,0.7763228431709589
-11.669999999999998,6.740034,0.6603570922560003,0.7924395537122808
-11.669999999999998,6.590033999999999,0.6599999999999999,0.7431009613060395
-11.7,6.560034,0.63,0.7617844506887854
-11.7,6.350034000000001,0.63,0.713424904969401
-11.729999999999999,6.320034,0.6,0.7391125856838029
-11.729999999999999,5.990034,0.6,0.7391125856838029
-11.7,5.960034,0.63,0.713424904969401
-11.7,5.690034000000001,0.63,0.7660568707605514
-11.669999999999998,5.660034,0.6599999999999999,0.7445481107614924
-11.669999999999998,5.570034,0.6599999999999999,0.7713772060250255
-11.639999999999999,5.540034,0.6391125856838029,0.7535549449465707
-11.61,5.540034,0.6358397954427587,0.7256018929489296
-11.579999999999998,5.510034000000001,0.6033702672078948,0.7093386622447823
-11.549999999999999,5.510034000000001,0.6014990636700472,0.6818629362155324
-11.489999999999998,5.4500340000000005,0.54,0.6541230437002805
-11.459999999999997,5.4500340000000005,0.54,0.6276967677527501
-11.43,5.420033999999999,0.51,0.6164676439557036
-11.399999999999999,5.420033999999999,0.51,0.5907795377618705
-11.369999999999997,5.390034,0.48,0.5816653826391968
-11.339999999999998,5.390034,0.48,0.5568348972285121
-11.309999999999999,5.360034000000001,0.44999999999999996,0.5499999999999999
-11.279999999999998,5.360034000000001,0.44999999999999996,0.5261578825892242
-11.249999999999998,5.3300339999999995,0.42,0.5217631819555841
-11.219999999999999,5.3300339999999995,0.42,0.4990495483208027
-11.189999999999998,5.300034,0.39,0.4972462083156796
-11.159999999999998,5.300034,0.39,0.4758073580374355
-11.129999999999999,5.270034000000001,0.36,0.4758073580374355
-11.069999999999999,5.270034000000001,0.36,0.43338095116624265
-11.04,5.240034,0.32999999999999996,0.43434469014384613
-10.979999999999999,5.240034,0.32999999999999996,0.39498603341057786
-10.95,5.210034,0.3,0.39999999999999997
-10.889999999999999,5.210034,0.3,0.36533230611135736
-10.86,5.180034000000001,0.2705170877128145,0.37464278422679503
-10.77,5.180034000000001,0.27823687009826686,0.3319254774317228
-10.739999999999998,5.150034,0.2532877591996735,0.34693565280958616
-10.649999999999999,5.150034,0.2705170877128145,0.3160882305241266
-10.619999999999997,5.120034,0.24214013085709193,0.3367795408588811
-9.209999999999999,5.120034,0.2590692637965812,0.30999999999999994
-9.179999999999998,5.090034000000001,0.23677954085888117,0.33999999999999997
-9.03,5.090034000000001,0.28639720216164943,0.33999999999999997
-8.999999999999998,5.060034,0.27206651122491804,0.36999999999999994
-8.909999999999998,5.060034,0.3158602513484248,0.36999999999999994
-8.879999999999999,5.030034000000001,0.30697298746985846,0.39999999999999997
-8.819999999999999,5.030034000000001,0.3420191080864549,0.39999999999999997
-8.79,5.000033999999999,0.33722996110879844,0.42999999999999994
-8.759999999999998,5.000033999999999,0.35671312314611847,0.42999999999999994
-8.729999999999999,4.970034,0.3548298277703729,0.45999999999999996
-8.669999999999998,4.970034,0.39702056147303194,0.45999999999999996
-8.639999999999999,4.940034000000001,0.39702056147303194,0.48999999999999994
-8.61,4.940034000000001,0.41823376490862835,0.48999999999999994
-8.579999999999998,4.910034,0.41823376490862835,0.5199999999999999
-8.549999999999999,4.910034,0.43966340706980744,0.5199999999999999
-8.519999999999998,4.880034,0.44139329746258693,0.5478549517943787
-8.489999999999998,4.880034,0.46404887105809195,0.5413932974625869
-8.459999999999999,4.850034000000001,0.4682696288858914,0.5653168542738821
-8.429999999999998,4.850034000000001,0.49201648339207776,0.5606601717798213
-8.399999999999999,4.820034,0.49859000541603327,0.58664621657649
-8.37,4.820034,0.5232987136109433,0.5837435120913065
-8.309999999999999,4.760034000000001,0.5423659658795863,0.6403946685248927
-8.28,4.760034000000001,0.5684605256490268,0.6399999999999999
-8.219999999999999,4.7000340000000005,0.5943617542436629,0.6734564329364766
-8.219999999999999,4.5800339999999995,0.5482595525402782,0.6699999999999999
-8.19,4.550034,0.5669190203266034,0.6399999999999999
-8.19,3.8900339999999995,0.48664621657649004,0.5606601717798213
-8.219999999999999,3.860034,0.4606601717798213,0.58664621657649
-8.219999999999999,3.6500339999999993,0.51,0.58
-8.249999999999998,3.620034,0.49201648339207776,0.61
-8.249999999999998,3.500034,0.5403946685248927,0.61
-8.28,3.4700339999999996,0.5276967677527501,0.6399999999999999
-8.28,3.3800339999999998,0.5734564329364766,0.6399999999999999
-8.309999999999999,3.3500339999999995,0.564989270336856,0.6699999999999999
-8.309999999999999,3.290034,0.6,0.6699999999999999
-8.339999999999998,3.2600339999999997,0.5947384651043927,0.7
-8.339999999999998,3.2300339999999994,0.6137956994486345,0.7
-8.37,3.200034,0.6108261642366338,0.73
-8.37,3.1400339999999995,0.6517587627015039,0.73
-8.399999999999999,3.110034,0.6515790027001892,0.7599999999999999
-8.399999999999999,3.080034,0.6727922061357856,0.7599999999999999
-8.429999999999998,3.0500339999999997,0.6727922061357856,0.790348790056394
-8.429999999999998,3.0200339999999994,0.6940054095713819,0.7913945950018529
-8.459999999999999,2.990034,0.6941792766073795,0.8230646242719967
-8.459999999999999,2.9300339999999996,0.7379461872586655,0.8213629327327143
-8.489999999999998,2.9000340000000002,0.7406341782902598,0.8503332921912279
-8.489999999999998,2.870034,0.7635981812836214,0.85
-8.549999999999999,2.8100339999999995,0.7741178988718543,0.866235704408284
-8.579999999999998,2.8100339999999995,0.7566502865514015,0.8711673858431727
-8.61,2.780034,0.7645878498652992,0.8473306943731371
-8.669999999999998,2.780034,0.7325539388707686,0.85
-8.7,2.750034,0.7433167906342866,0.82
-8.79,2.750034,0.7014607178090317,0.82
-8.819999999999999,2.7200339999999996,0.7159027319676785,0.7899999999999999
-8.969999999999999,2.7200339999999996,0.6617844506887854,0.7899999999999999
-8.999999999999998,2.6900340000000003,0.6816005617976296,0.7603570922560002
-10.349999999999998,2.6900340000000003,0.63,0.7614277624977183
-10.379999999999999,2.660034,0.6592855117089214,0.7332882874656679
-10.59,2.660034,0.6314625451064275,0.7660568707605514
-10.619999999999997,2.6300339999999998,0.6603570922560003,0.7445481107614924
-10.77,2.6300339999999998,0.6614277624977183,0.7924395537122808
-10.799999999999999,2.6000339999999995,0.6931357237351384,0.7763228431709589
-10.95,2.6000339999999995,0.7121356637177423,0.8433167906342866
-10.979999999999999,2.570034,0.7473306943731371,0.8325539388707686
-11.04,2.570034,0.7529966740535616,0.864587849865299
-11.069999999999999,2.540034,0.7852075656738234,0.8566502865514015
-11.159999999999998,2.540034,0.7803260484392809,0.9061649974309558
-11.189999999999998,2.5100339999999997,0.8099999999999999,0.8984634424967998
-11.249999999999998,2.5100339999999997,0.8099999999999999,0.9340502083260542
-11.279999999999998,2.4800339999999994,0.84,0.9290206436577464
-11.309999999999999,2.4800339999999994,0.84,0.9481022063376604
-11.339999999999998,2.450034,0.87,0.9449913494550755
-11.369999999999997,2.450034,0.8650938536489735,0.9650938536489734
-11.399999999999999,2.420034,0.8894629904767691,0.963864747850702
-11.43,2.420034,0.8849242404917498,0.9849242404917496
-11.489999999999998,2.360034,0.87,0.9873466307488646
-11.489999999999998,2.3000339999999997,0.87,0.9481022063376604
-11.52,2.2700339999999994,0.84,0.9524462124292244
-11.52,2.210034,0.84,0.9160508465447136
-11.549999999999999,2.1800339999999996,0.8099999999999999,0.9230249470757705
-11.549999999999999,2.120034,0.8099999999999999,0.8897481786280563
-11.579999999999998,2.0900339999999997,0.78,0.8994284547628721
-11.579999999999998,2.030034,0.78,0.8695254652615991
-11.61,2.000034,0.75,0.8819551367537224
-11.61,1.8800339999999998,0.75,0.8284953895290718
-11.639999999999999,1.8500339999999995,0.72,0.8433167906342866
-11.639999999999999,1.7300339999999994,0.72,0.799730741346068
-11.669999999999998,1.700034,0.69,0.8189768762188364
-11.669999999999998,1.5200339999999994,0.69,0.7773801313626261
-11.7,1.490034,0.6599999999999999,0.8024976007655445
-11.7,0.8000339999999997,0.69,0.8315404612703288
-11.669999999999998,0.7700340000000003,0.72,0.8104197800704932
-11.669999999999998,0.6500340000000002,0.72,0.8483323032546538
-11.639999999999999,0.620034,0.75,0.8315404612703288
-11.639999999999999,0.5000339999999999,0.75,0.8819551367537224
-11.61,0.4700339999999996,0.78,0.8695254652615991
-11.61,0.410034,0.78,0.8994284547628721
-11.579999999999998,0.38003399999999976,0.8099999999999999,0.8897481786280563
-11.579999999999998,0.35003399999999996,0.8099999999999999,0.9061649974309558
-11.52,0.2900339999999999,0.78,0.8920129309744217
-11.489999999999998,0.2900339999999999,0.78,0.8682105101189654
-11.459999999999997,0.2600340000000001,0.75,0.8635981812836213
-11.43,0.2600340000000001,0.75,0.8406341782902598
-11.399999999999999,0.23003399999999985,0.72,0.8379461872586654
-11.369999999999997,0.23003399999999985,0.72,0.8159027319676785
-11.339999999999998,0.20003400000000005,0.69,0.8152186130069783
-11.279999999999998,0.20003400000000005,0.69,0.7727922061357855
-11.249999999999998,0.1700339999999998,0.6599999999999999,0.7727922061357855
-11.219999999999999,0.1700339999999998,0.6603570922560003,0.7517587627015039
-11.189999999999998,0.140034,0.6314625451064275,0.7531959144523253
-11.129999999999999,0.140034,0.6358397954427587,0.7137956994486345
-11.099999999999998,0.11003399999999974,0.6093386622447824,0.7182364302548171
-11.04,0.11003399999999974,0.6182364302548171,0.6822436297142819
-11.009999999999998,0.08003399999999994,0.5943617542436629,0.6898319209031163
-10.979999999999999,0.08003399999999994,0.6,0.6734564329364766
-10.95,0.05003399999999969,0.57,0.6833849753989611
-10.86,0.05003399999999969,0.57,0.6403946685248927
-10.829999999999998,0.020033999999999885,0.5403946685248927,0.6541230437002805
-10.739999999999998,0.020033999999999885,0.5462983904725679,0.6148542505637227
-10.709999999999997,-0.00996599999999992,0.5200892821556682,0.6308846094982458
-10.619999999999997,-0.00996599999999992,0.535649593844862,0.6006361796706484
-10.59,-0.03996600000000017,0.51,0.6208925015361643
-8.579999999999998,-0.03996600000000017,0.48664621657649004,0.5499999999999999
-8.549999999999999,-0.06996599999999997,0.4606601717798213,0.58
-7.739999999999998,-0.06996599999999997,0.4707940978544849,0.5903669107231747
-7.709999999999999,-0.03996600000000017,0.4948972554536795,0.5653168542738821
-7.559999999999999,-0.03996600000000017,0.4804165863221464,0.6006361796706484
-7.529999999999999,-0.00996599999999992,0.51,0.5816653826391968
-7.379999999999999,-0.00996599999999992,0.51,0.6308846094982458
-7.349999999999998,0.020033999999999885,0.54,0.6148542505637227
-7.259999999999998,0.020033999999999885,0.54,0.6541230437002805
-7.229999999999999,0.05003399999999969,0.57,0.6403946685248927
-7.109999999999999,0.05003399999999969,0.57,0.6868024266911489
-7.079999999999998,0.08003399999999994,0.6,0.6699999999999999
-6.959999999999999,0.08003399999999994,0.6,0.7211879462228571
-6.929999999999998,0.11003399999999974,0.63,0.7074767078498865
-6.839999999999998,0.11003399999999974,0.6314625451064275,0.7477980605851253
-6.809999999999999,0.140034,0.6632101962856379,0.734382436686459
-6.719999999999999,0.140034,0.6727922061357856,0.77455874717488
-6.6899999999999995,0.1700339999999998,0.7069812546475178,0.7617844506887854
-6.5699999999999985,0.1700339999999998,0.72,0.8230646242719967
-6.539999999999999,0.20003400000000005,0.75,0.8148764200486676
-6.449999999999999,0.20003400000000005,0.75,0.8682105101189654
-6.419999999999998,0.23003399999999985,0.78,0.8635981812836213
-6.389999999999999,0.23003399999999985,0.78,0.8829316685939331
-6.359999999999999,0.2600340000000001,0.8099999999999999,0.8803260484392809
-6.299999999999999,0.2600340000000001,0.8099999999999999,0.9214429288578561
-6.27,0.2900339999999999,0.84,0.9212846301849604
-6.239999999999998,0.2900339999999999,0.84,0.9424978336205568
-6.209999999999999,0.3200339999999997,0.87,0.9424978336205568
-6.179999999999998,0.3200339999999997,0.87,0.9637110370561535
-6.149999999999999,0.35003399999999996,0.8999999999999999,0.963864747850702
-6.089999999999998,0.35003399999999996,0.8999999999999999,1.0074813431681333
-6.059999999999999,0.38003399999999976,0.9299999999999999,1.0098675438593943
-6.029999999999999,0.38003399999999976,0.9299999999999999,1.032644772933376
-5.999999999999998,0.410034,0.96,1.0367498169838836
-5.969999999999999,0.410034,0.96,1.0602884348735013
-5.9399999999999995,0.4400339999999998,0.99,1.0660459763365822
-5.909999999999998,0.4400339999999998,0.99,1.0902829936838285
-5.879999999999999,0.4700339999999996,1.02,1.097623234683322
-5.849999999999998,0.4700339999999996,1.02,1.1224980739587949
-5.8199999999999985,0.5000339999999999,1.05,1.1313491349187028
-5.789999999999999,0.5000339999999999,1.05,1.1565325230734225
-5.759999999999998,0.5300340000000001,1.08,1.1641213898030396
-5.729999999999999,0.5300340000000001,1.08,1.1890825912311096
-5.699999999999999,0.5600339999999995,1.1099999999999999,1.1981166037701885
-5.669999999999998,0.5600339999999995,1.1099999999999999,1.2228464818433478
-5.609999999999999,0.620034,1.17,1.2394826817189066
-5.579999999999998,0.620034,1.17,1.264652940382329
-5.549999999999999,0.6500340000000002,1.2,1.2722866585290313
-5.459999999999999,0.6500340000000002,1.2,1.2999999999999998
-5.429999999999998,0.6800339999999996,1.23,1.2699999999999998
-4.919999999999998,0.6800339999999996,1.2322117781522963,1.2699999999999998
-4.889999999999999,0.6500340000000002,1.203995565404749,1.2999999999999998
-3.6899999999999995,0.6500340000000002,1.2621761463406194,1.2999999999999998
-3.6599999999999984,0.620034,1.2339302058693509,1.3299999999999998
-2.9399999999999995,0.620034,1.2361372497719227,1.345670609832643
-2.9099999999999984,0.6500340000000002,1.263866948041088,1.3201373574541015
-2.219999999999999,0.6500340000000002,1.2420097719610501,1.354427135263071
-2.1899999999999995,0.6800339999999996,1.2686893802876924,1.3299999999999998
-1.8299999999999983,0.6800339999999996,1.26,1.3124568960391858
-1.799999999999999,0.6500340000000002,1.23,1.3356470248934025
-0.8099999999999987,0.6500340000000002,1.23,1.3322117781522962
-0.7799999999999976,0.6800339999999996,1.26,1.303995565404749
2.91,0.6800339999999996,1.29,1.3299999999999998
2.9400000000000013,0.6500340000000002,1.26,1.3595160660774082
3.210000000000001,0.6500340000000002,1.26,1.3309833423600552
3.240000000000002,0.620034,1.2302458851203573,1.3602419197512994
3.330000000000002,0.620034,1.2339302058693509,1.3064883060789518
3.3599999999999994,0.5900339999999997,1.2062391868188442,1.3139459749397169
3.4200000000000017,0.5900339999999997,1.2122085972646746,1.2808986495586994
3.4499999999999993,0.5600339999999995,1.1861970775925035,1.2864489917151287
3.5100000000000016,0.5600339999999995,1.1952437160452616,1.247741399635541
3.539999999999999,0.5300340000000001,1.17,1.2523698239812278
3.5700000000000003,0.5300340000000001,1.17,1.234041521994211
3.6000000000000014,0.5000339999999999,1.14,1.2402586014727812
3.66,0.5000339999999999,1.14,1.2057842770995397
3.6900000000000013,0.4700339999999996,1.1099999999999999,1.2142053552593983
3.780000000000001,0.4700339999999996,1.1099999999999999,1.1670932787339765
3.8100000000000023,0.4400339999999998,1.08,1.1783920876839236
3.870000000000001,0.4400339999999998,1.08,1.15
3.900000000000002,0.410034,1.05,1.1546298679765212
3.960000000000001,0.410034,1.05,1.1127616066858734
3.990000000000002,0.38003399999999976,1.02,1.1122034611053284
4.02,0.38003399999999976,1.02,1.090990257669732
4.050000000000001,0.35003399999999996,0.99,1.090990257669732
4.109999999999999,0.35003399999999996,0.99,1.048563850798539
4.140000000000001,0.3200339999999997,0.96,1.0487091398968367
4.170000000000002,0.3200339999999997,0.96,1.0279397893896212
4.199999999999999,0.2900339999999999,0.9299999999999999,1.0297058540778352
4.23,0.2900339999999999,0.9302940893828219,1.0098675438593943
4.260000000000002,0.2600340000000001,0.9011995203836164,1.0134397906755328
4.32,0.2600340000000001,0.9047923444781344,0.9761097520171051
4.350000000000001,0.23003399999999985,0.8776332427229702,0.9821943192442748
4.380000000000003,0.23003399999999985,0.8809794056636979,0.9647866738880441
4.41,0.20003400000000005,0.8552319402761884,0.9727525250360292
4.470000000000002,0.20003400000000005,0.8650938536489735,0.9403124660989364
4.5,0.1700339999999998,0.84,0.9477914214416385
4.59,0.1700339999999998,0.84,0.8994284547628721
4.620000000000001,0.140034,0.8099999999999999,0.9103191128251791
4.740000000000002,0.140034,0.8099999999999999,0.8556548233234004
4.77,0.11003399999999974,0.78,0.8708391590555035
4.98,0.11003399999999974,0.7553228397691821,0.799730741346068
5.010000000000002,0.08003399999999994,0.7230646242719967,0.8189768762188364
5.370000000000001,0.08003399999999994,0.7213629327327143,0.7603570922560002
5.400000000000002,0.05003399999999969,0.6931357237351384,0.7899999999999999
5.880000000000003,0.05003399999999969,0.72,0.8121356637177423
5.91,0.08003399999999994,0.7473306943731371,0.7886038956948717
6.060000000000002,0.08003399999999994,0.7254433220624713,0.8281566172707192
6.09,0.11003399999999974,0.7529966740535616,0.8097327971765843
6.210000000000001,0.11003399999999974,0.75,0.8556548233234004
6.240000000000002,0.140034,0.78,0.8416407864998738
6.27,0.140034,0.7767352686700518,0.8553228397691821
6.359999999999999,0.23003399999999985,0.69,0.8097327971765843
6.359999999999999,0.2600340000000001,0.69,0.7816005617976295
6.420000000000002,0.3200339999999997,0.63,0.7488794977899189
6.420000000000002,0.35003399999999996,0.63,0.7215563842901399
6.449999999999999,0.38003399999999976,0.6,0.7074767078498865
6.449999999999999,0.410034,0.6,0.6807201192492657
6.48,0.4400339999999998,0.57,0.6684605256490268
6.48,0.4700339999999996,0.57,0.6423659658795863
6.510000000000002,0.5000339999999999,0.54,0.6320777358467923
6.510000000000002,0.5300340000000001,0.54,0.6067520047418029
6.539999999999999,0.5600339999999995,0.51,0.5985900054160332
6.539999999999999,0.5900339999999997,0.51,0.5741508273980894
6.57,0.620034,0.48,0.5682696288858914
6.57,0.6500340000000002,0.48,0.5448444860360798
6.600000000000001,0.6800339999999996,0.44999999999999996,0.5413932974625869
6.600000000000001,0.7100339999999998,0.44999999999999996,0.5191172650877818
6.630000000000003,0.7400340000000001,0.42,0.5182337649086283
6.630000000000003,0.7700340000000003,0.42,0.4970205614730319
6.66,0.8000339999999997,0.39,0.4970205614730319
6.66,0.8600340000000002,0.39,0.4548298277703729
6.690000000000001,0.8900339999999995,0.36,0.45671312314611845
6.690000000000001,0.950034,0.36,0.41831367190083796
6.720000000000002,0.9800340000000003,0.32999999999999996,0.42417530804496173
6.720000000000002,1.040034,0.32999999999999996,0.39044932477934974
6.75,1.0700340000000002,0.3,0.400499861188218
6.75,1.160034,0.3,0.35906926379658116
6.780000000000001,1.1900340000000003,0.27,0.37206651122491796
6.780000000000001,1.3100339999999995,0.27,0.3254089895318562
6.810000000000002,1.3400339999999997,0.24,0.3448076704197233
6.810000000000002,1.4600339999999998,0.24,0.29711981533518533
6.84,1.490034,0.21,0.3160882305241266
6.84,1.6100340000000002,0.21,0.26485292703891766
6.870000000000001,1.6400339999999995,0.18,0.27999999999999997
6.870000000000001,1.8500339999999995,0.18,0.22560319734686937
6.900000000000002,1.8800339999999998,0.15,0.24999999999999994
6.900000000000002,2.000034,0.15239617223906718,0.21309185944028275
6.93,2.030034,0.12560319734686942,0.2354590403278757
6.93,2.0900339999999997,0.13545904032787576,0.2111961754677818
6.960000000000001,2.120034,0.11309185944028279,0.2249827584156743
6.960000000000001,2.1800339999999996,0.12993150363578632,0.19778220097678043
6.990000000000002,2.210034,0.10611613775638919,0.21309185944028275
6.990000000000002,2.2700339999999994,0.12124891681027844,0.1926037828369117
7.02,2.3000339999999997,0.10228199464317754,0.21309185944028275
7.02,2.360034,0.12124891681027844,0.1926037828369117
7.050000000000001,2.3900339999999995,0.10228199464317754,0.21309185944028275
7.050000000000001,2.450034,0.12124891681027844,0.1926037828369117
7.080000000000002,2.4800339999999994,0.10035705179572513,0.2111961754677818
7.080000000000002,2.540034,0.11309185944028279,0.18541957952775173
7.109999999999999,2.570034,0.09260378283691174,0.2022819946431775
7.109999999999999,2.6300339999999998,0.11309185944028279,0.18410525505948272
7.140000000000001,2.660034,0.09778220097678048,0.20611613775638915
7.140000000000001,2.750034,0.12124891681027844,0.18410525505948272
7.170000000000002,2.780034,0.10035705179572513,0.20611613775638915
7.170000000000002,2.870034,0.12124891681027844,0.18410525505948272
7.199999999999999,2.9000340000000002,0.10228199464317754,0.20611613775638915
7.199999999999999,2.960034,0.12124891681027844,0.1926037828369117
7.23,2.990034,0.10228199464317754,0.21309185944028275
7.23,3.080034,0.12993150363578632,0.18410525505948272
7.260000000000002,3.110034,0.10611613775638919,0.20611613775638915
7.260000000000002,3.170034,0.12124891681027844,0.1926037828369117
7.289999999999999,3.200034,0.10228199464317754,0.21309185944028275
7.289999999999999,3.290034,0.12993150363578632,0.18410525505948272
7.32,3.320034,0.10611613775638919,0.20611613775638915
7.32,3.3500339999999995,0.11309185944028279,0.19778220097678043
7.350000000000001,3.3800339999999998,0.09260378283691174,0.2111961754677818
7.350000000000001,3.4400339999999994,0.11309185944028279,0.18541957952775173
7.380000000000003,3.4700339999999996,0.09260378283691174,0.2022819946431775
7.380000000000003,3.5600339999999995,0.11309185944028279,0.17683085036070864
7.41,3.5900339999999997,0.09260378283691174,0.20035705179572508
7.41,3.6800339999999996,0.12124891681027844,0.1906518659932802
7.440000000000001,3.710034,0.10228199464317754,0.21309185944028275
7.440000000000001,3.8000339999999997,0.12993150363578632,0.1926037828369117
7.470000000000002,3.830034,0.10611613775638919,0.21309185944028275
7.470000000000002,3.8900339999999995,0.12124891681027844,0.20035705179572508
7.5,3.920034,0.10228199464317754,0.2212489168102784
7.5,4.010033999999999,0.12993150363578632,0.1926037828369117
7.530000000000001,4.040034,0.10611613775638919,0.21309185944028275
7.530000000000001,4.100033999999999,0.12124891681027844,0.19778220097678043
7.560000000000002,4.130034,0.10228199464317754,0.21309185944028275
7.560000000000002,4.220034,0.12993150363578632,0.18410525505948272
7.59,4.250033999999999,0.10611613775638919,0.20611613775638915
7.59,4.310034,0.12124891681027844,0.19584481028459205
7.620000000000001,4.340033999999999,0.10228199464317754,0.21309185944028275
7.620000000000001,4.400034,0.12124891681027844,0.1926037828369117
7.650000000000002,4.430033999999999,0.10035705179572513,0.21309185944028275
7.650000000000002,4.520034000000001,0.12124891681027844,0.18410525505948272
7.68,4.550034,0.10228199464317754,0.20611613775638915
7.68,4.640034,0.12993150363578632,0.1926037828369117
7.710000000000001,4.670033999999999,0.10611613775638919,0.21309185944028275
7.710000000000001,4.730034,0.12124891681027844,0.1926037828369117
7.740000000000002,4.760034000000001,0.10228199464317754,0.21309185944028275
7.740000000000002,4.880034,0.1409453421137081,0.1926037828369117
7.77,4.910034,0.12124891681027844,0.22062472896785876
7.77,4.970034,0.13545904032787576,0.2111961754677818
7.800000000000001,5.000033999999999,0.11309185944028279,0.2249827584156743
7.800000000000001,5.030034000000001,0.12124891681027844,0.2111961754677818
7.830000000000002,5.060034,0.10228199464317754,0.2249827584156743
7.830000000000002,5.150034,0.13054773971315525,0.1926037828369117
7.859999999999999,5.180034000000001,0.11309185944028279,0.21309185944028275
7.859999999999999,5.270034000000001,0.13545904032787576,0.1926037828369117
7.890000000000001,5.300034,0.11309185944028279,0.21309185944028275
7.890000000000001,5.420033999999999,0.14215901261117886,0.1926037828369117
7.920000000000002,5.4500340000000005,0.12124891681027844,0.22062472896785876
7.920000000000002,5.570034,0.1553806987208503,0.20035705179572508
7.949999999999999,5.600034000000001,0.12993150363578632,0.22560319734686937
7.949999999999999,5.690034000000001,0.15,0.20611613775638915
7.98,5.720034,0.13054773971315525,0.22993150363578627
7.98,5.840033999999999,0.17129760793094645,0.21999999999999995
8.010000000000002,5.870034,0.15,0.24999999999999994
8.010000000000002,5.960034,0.17129760793094645,0.22993150363578627
8.04,5.990034,0.15,0.2553806987208503
8.04,6.110034000000001,0.17884529914483022,0.22993150363578627
8.07,6.140034,0.15894663844041107,0.2553806987208503
8.07,6.350034000000001,0.20777472107017558,0.24999999999999994
8.100000000000001,6.380034,0.18746428490440126,0.27999999999999997
8.100000000000001,7.010033999999999,0.32417530804496175,0.44154128958851285
8.07,7.040034,0.36046863561492726,0.43193347402054394
8.07,7.160034,0.38954535014823854,0.5026464980241041
8.04,7.190034000000001,0.42615788258922427,0.4990495483208027
8.04,7.280034000000001,0.44785495179437873,0.5606601717798213
8.010000000000002,7.310034,0.4841586599755591,0.5615083607772479
8.010000000000002,7.400034,0.5063453348751464,0.6292918134831226
7.98,7.430034000000001,0.5423659658795863,0.634063490286148
7.98,7.490034,0.5580155439371269,0.6822436297142819
7.949999999999999,7.520034000000001,0.5943617542436629,0.6898319209031163
7.949999999999999,7.550034,0.6007497657713701,0.7149074038789951
7.920000000000002,7.5800339999999995,0.6369316876852982,0.7244998979175129
7.920000000000002,7.610034000000001,0.6445481107614924,0.7503199590504823
7.890000000000001,7.640034,0.6816005617976296,0.7617844506887854
7.890000000000001,7.670033999999999,0.6886038956948717,0.7882546332150332
7.859999999999999,7.7000340000000005,0.7244244032786469,0.8014607178090317
7.859999999999999,7.730034,0.7315404612703288,0.8284953895290718
7.830000000000002,7.760033999999999,0.7682105101189655,0.8433167906342866
7.830000000000002,7.790034,0.7764083696345353,0.8708391590555035
7.800000000000001,7.820034,0.8122322755127783,0.8871553626036269
7.800000000000001,7.850034000000001,0.8189080308462562,0.9150971698084905
7.77,7.880034,0.8552319402761884,0.9327944723511462
7.77,7.910034,0.8629422408283931,0.9610954794263104
7.740000000000002,7.940034000000001,0.8999999999999999,0.9800675660252812
7.740000000000002,7.970034,0.9065855435387663,1.008674915281619
7.710000000000001,8.000034,0.8999999999999999,1.0276452467768817
7.650000000000002,8.000034,0.8999999999999999,0.9978985279383914
7.620000000000001,8.030034,0.87,1.0074813431681333
7.530000000000001,8.030034,0.87,0.9629422408283932
7.5,8.060034,0.84,0.9758048651498613
7.41,8.060034,0.84,0.937810835958611
7.380000000000003,8.090034,0.8099999999999999,0.9539944979263161
7.23,8.090034,0.8099999999999999,0.9052046114356442
7.199999999999999,8.120034,0.78,0.9261837188805655
