6.384,8.155,4.550
6.137,8.195,4.686
5.888,8.214,4.825
5.638,8.214,4.968
5.389,8.197,5.114
5.141,8.163,5.264
4.896,8.114,5.417
4.654,8.052,5.575
4.416,7.978,5.738
4.181,7.893,5.906
3.950,7.799,6.082
3.722,7.696,6.266
3.498,7.585,6.459
3.276,7.469,6.659
3.058,7.348,6.852
2.842,7.223,7.039
2.627,7.094,7.222
2.414,6.964,7.400
2.202,6.832,7.573
1.989,6.701,7.743
1.777,6.570,7.758
1.563,6.441,7.520
1.347,6.314,7.302
1.129,6.192,7.102
0.909,6.073,6.919
0.686,5.961,6.753
0.460,5.856,6.603
0.230,5.758,6.470
-0.004,5.669,6.354
-0.241,5.591,6.257
-0.482,5.525,6.181
-0.726,5.471,6.128
-0.973,5.432,6.104
-1.222,5.409,6.101
-1.471,5.402,6.099
-1.721,5.411,6.115
-1.970,5.434,6.158
-2.217,5.471,6.223
-2.462,5.521,6.306
-2.704,5.582,6.405
-2.943,5.654,6.520
-3.180,5.734,6.648
-3.414,5.823,6.789
-3.644,5.918,6.944
-3.873,6.020,7.112
-4.098,6.127,7.293
-4.322,6.239,7.469
-4.544,6.354,7.641
-4.764,6.471,7.809
-4.984,6.591,7.973
-5.203,6.711,8.134
-5.422,6.831,8.067
-5.641,6.950,7.804
-5.862,7.068,7.558
-6.083,7.184,7.326
-6.307,7.296,7.107
-6.532,7.404,6.899
-6.760,7.507,6.702
-6.990,7.603,6.514
-7.223,7.693,6.334
-7.459,7.775,6.161
-7.698,7.848,5.994
-7.940,7.911,5.832
-8.184,7.963,5.674
-8.431,8.003,5.519
-8.680,8.029,5.367
-8.929,8.040,5.217
-9.179,8.036,5.067
-9.428,8.015,4.917
-9.675,7.976,4.767
-9.917,7.918,4.616
-10.155,7.839,4.463
-10.384,7.739,4.307
-10.602,7.618,4.148
-10.805,7.473,3.985
-10.991,7.306,3.817
-11.154,7.117,3.646
-11.289,6.907,3.471
-11.389,6.678,3.296
-11.448,6.436,3.130
-11.457,6.187,3.002
-11.408,5.942,2.967
-11.296,5.720,2.966
-11.129,5.535,2.965
-10.922,5.395,3.098
-10.694,5.295,3.318
-10.453,5.229,3.590
-10.207,5.187,3.916
-9.958,5.158,4.239
-9.710,5.134,4.198
-9.462,5.103,3.820
-9.217,5.055,3.504
-8.978,4.980,3.237
-8.754,4.871,3.018
-8.557,4.718,2.885
-8.403,4.522,2.883
-8.312,4.291,2.882
-8.285,4.043,2.954
-8.319,3.796,3.084
-8.406,3.562,3.218
-8.539,3.351,3.330
-8.709,3.168,3.429
-8.907,3.016,3.593
-9.123,2.890,3.818
-9.349,2.785,4.094
-9.582,2.695,4.404
-9.818,2.613,4.693
-10.054,2.531,4.455
-10.288,2.442,4.113
-10.515,2.339,3.827
-10.732,2.215,3.588
-10.932,2.065,3.403
-11.104,1.885,3.276
-11.240,1.675,3.163
-11.328,1.442,3.088
-11.359,1.195,3.087
-11.327,0.948,3.086
-11.236,0.715,3.140
-11.100,0.507,3.272
-10.927,0.326,3.440
-10.729,0.174,3.622
-10.512,0.051,3.811
-10.282,-0.045,4.008
-10.043,-0.118,4.213
-9.798,-0.169,4.429
-9.550,-0.202,4.659
-9.301,-0.221,4.909
-9.052,-0.228,5.169
-8.802,-0.226,5.417
-8.552,-0.220,5.654
-8.302,-0.209,5.881
-8.053,-0.196,6.100
-7.803,-0.181,6.311
-7.554,-0.165,6.514
-7.305,-0.150,6.712
-7.055,-0.135,6.903
-6.806,-0.121,7.090
-6.556,-0.108,7.271
-6.306,-0.096,7.448
-6.057,-0.086,7.620
-5.807,-0.076,7.789
-5.557,-0.068,7.953
-5.308,-0.061,8.115
-5.058,-0.055,8.273
-4.808,-0.050,8.428
-4.558,-0.045,8.580
-4.308,-0.042,8.729
-4.059,-0.040,8.876
-3.809,-0.038,9.020
-3.559,-0.038,9.161
-3.309,-0.038,9.301
-3.059,-0.039,9.438
-2.809,-0.040,9.573
-2.559,-0.043,9.706
-2.309,-0.046,9.837
-2.060,-0.049,9.967
-1.810,-0.054,10.000
-1.560,-0.059,10.000
-1.310,-0.064,10.000
-1.060,-0.070,10.000
-0.811,-0.077,10.000
-0.561,-0.084,10.000
-0.311,-0.091,10.000
-0.061,-0.099,10.000
0.188,-0.107,10.000
0.438,-0.115,9.768
0.688,-0.124,9.516
0.938,-0.133,9.257
1.187,-0.143,8.988
1.437,-0.152,8.710
1.687,-0.162,8.421
1.936,-0.172,8.121
2.186,-0.182,7.808
2.436,-0.192,7.497
2.685,-0.202,7.207
2.935,-0.209,6.940
3.185,-0.213,6.693
3.435,-0.212,6.464
3.685,-0.206,6.252
3.934,-0.192,6.054
4.183,-0.169,5.869
4.430,-0.136,5.696
4.676,-0.091,5.535
4.919,-0.034,5.386
5.159,0.038,5.249
5.393,0.125,5.125
5.621,0.228,5.016
5.839,0.349,4.926
6.047,0.487,4.863
6.241,0.645,4.835
6.418,0.821,4.833
6.576,1.015,4.831
6.714,1.223,4.882
6.835,1.441,4.993
6.941,1.667,5.151
7.035,1.899,5.353
7.120,2.134,5.592
7.198,2.371,5.822
7.272,2.610,6.043
7.343,2.849,6.255
7.413,3.089,6.461
7.481,3.330,6.660
7.549,3.570,6.853
7.617,3.811,7.041
7.685,4.051,6.747
7.754,4.291,6.390
7.822,4.532,6.069
7.886,4.773,5.780
7.944,5.016,5.518
7.995,5.261,5.279
8.034,5.508,5.061
8.060,5.756,4.860
8.071,6.006,4.675
8.062,6.255,4.507
8.033,6.503,4.356
7.979,6.747,4.226
7.899,6.984,4.128
7.791,7.209,4.078
7.653,7.417,4.076
7.486,7.602,4.074
7.295,7.763,4.113
7.085,7.898,4.194
6.860,8.008,4.300
6.626,8.093,4.421
